sweep_parameter,Lambda_over_lambda,h_over_lambda,Lambda_m,f,b_m,h_m,lambda_m,theta_rad,theta_deg,eta0_RCWA_TE,etam1_RCWA_TE,Tsum,Rsum,energy_sum,neff0_TE,neff1_TE,delta_neff_TE,phi0_TE,phi1_TE,delta_phi_TE,sin_phi0_TE,cos_phi0_TE,sin_phi1_TE,cos_phi1_TE,sin_dphi_TE,cos_dphi_TE,eta0_SMM_TE,etam1_SMM_TE,res_eta0_TE,res_etam1_TE,overlap_mode0_order0_TE,overlap_mode0_orderm1_TE,overlap_mode1_order0_TE,overlap_mode1_orderm1_TE,overlap_mode0_order1_TE,overlap_mode1_order1_TE,status
h_over_lambda,1,0.5,1.064e-06,0.55,5.852e-07,5.32e-07,1.064e-06,0.523598775598299,30,0.809175906638015,0.149379210687703,0.958555117325718,0.0414448826742824,1,1.31876542009011,1.05467795403357,0.264087466056541,4.14302375556336,3.31336851229498,0.829655243268373,-0.842243350551828,-0.539097522208394,-0.170932340662127,-0.985282769013935,0.737698659299046,0.675130126766974,0.837565063383487,0.162434936616513,-0.0283891567454714,-0.0130557259288107,0.493382524921856,0.493382524928915,0.470938707713089,0.47093870768798,0.00643579618780989,0.0287607607632618,OK
h_over_lambda,1,0.5185,1.064e-06,0.55,5.852e-07,5.51684e-07,1.064e-06,0.523598775598299,30,0.798612726465077,0.161593011942982,0.960205738408059,0.0397942615919414,1,1.31876542009011,1.05467795403357,0.264087466056541,4.2963156345192,3.4359631472499,0.860352487269303,-0.914683031193345,-0.40417193426431,-0.29013747954187,-0.956984975307915,0.758072491712123,0.652170297782238,0.826085148891119,0.173914851108881,-0.0274724224260425,-0.0123218391658989,0.493382524921856,0.493382524928915,0.470938707713089,0.47093870768798,0.00643579618780989,0.0287607607632618,OK
h_over_lambda,1,0.537,1.064e-06,0.55,5.852e-07,5.71368e-07,1.064e-06,0.523598775598299,30,0.787952117726933,0.174186155131738,0.96213827285867,0.0378617271413299,1,1.31876542009011,1.05467795403357,0.264087466056541,4.44960751347504,3.55855778220481,0.891049731270233,-0.9656711797446,-0.259767535713515,-0.404987471990492,-0.914322233969376,0.777732032750109,0.628595963425143,0.814297981712571,0.185702018287429,-0.0263458639856385,-0.011515863155691,0.493382524921856,0.493382524928915,0.470938707713089,0.47093870768798,0.00643579618780989,0.0287607607632618,OK
h_over_lambda,1,0.5555,1.064e-06,0.55,5.852e-07,5.91052e-07,1.064e-06,0.523598775598299,30,0.777198358063944,0.18704238960126,0.964240747665204,0.0357592523347965,1,1.31876542009011,1.05467795403357,0.264087466056541,4.60289939243089,3.68115241715973,0.921746975271163,-0.994012000648477,-0.109270959393667,-0.513758347235525,-0.857934939634598,0.796658758273486,0.60442933653666,0.80221466826833,0.19778533173167,-0.0250163102043856,-0.01074294213041,0.493382524921856,0.493382524928915,0.470938707713089,0.47093870768798,0.00643579618780989,0.0287607607632618,OK
h_over_lambda,1,0.574,1.064e-06,0.55,5.852e-07,6.10736e-07,1.064e-06,0.523598775598299,30,0.766359479130863,0.200042113979202,0.966401593110064,0.033598406889936,1,1.31876542009011,1.05467795403357,0.264087466056541,4.75619127138673,3.80374705211464,0.952444219272093,-0.999040833024265,0.0437882855359935,-0.614817385885179,-0.788669501130426,0.814834834635806,0.579693188043502,0.789846594021751,0.210153405978249,-0.0234871148908883,-0.0101112919990473,0.493382524921856,0.493382524928915,0.470938707713089,0.47093870768798,0.00643579618780989,0.0287607607632618,OK
h_over_lambda,1,0.5925,1.064e-06,0.55,5.852e-07,6.3042e-07,1.064e-06,0.523598775598299,30,0.755442002849356,0.213071099626166,0.968513102475522,0.0314868975244784,1,1.31876542009011,1.05467795403357,0.264087466056541,4.90948315034258,3.92634168706955,0.983141463273023,-0.980639738574865,0.195820589131531,-0.706647628075451,-0.707565636344317,0.832243135487383,0.554410825502288,0.777205412751144,0.222794587248856,-0.021763409901788,-0.00972348762269024,0.493382524921856,0.493382524928915,0.470938707713089,0.47093870768798,0.00643579618780989,0.0287607607632618,OK
h_over_lambda,1,0.611,1.064e-06,0.55,5.852e-07,6.50104e-07,1.064e-06,0.523598775598299,30,0.744444783674507,0.226029271984667,0.970474055659175,0.0295259443408247,1,1.31876542009011,1.05467795403357,0.264087466056541,5.06277502929842,4.04893632202447,1.01383870727395,-0.939240267525454,0.343260425710151,-0.787870643993773,-0.615840765403555,0.848867257912549,0.528606071138073,0.764303035569037,0.235696964430963,-0.0198582518945294,-0.00966769244629578,0.493382524921856,0.493382524928915,0.470938707713089,0.47093870768798,0.00643579618780989,0.0287607607632618,OK
h_over_lambda,1,0.6295,1.064e-06,0.55,5.852e-07,6.69788e-07,1.064e-06,0.523598775598299,30,0.733353428507176,0.238838741978225,0.9721921704854,0.0278078295146,1,1.31876542009011,1.05467795403357,0.264087466056541,5.21606690825426,4.17153095697938,1.04453595127488,-0.875813337725657,0.482649974061788,-0.857267224979271,-0.514871736431842,0.864691537885242,0.502303239397931,0.751151619698965,0.248848380301035,-0.0177981911917896,-0.0100096383228101,0.493382524921856,0.493382524928915,0.470938707713089,0.47093870768798,0.00643579618780989,0.0287607607632618,OK
h_over_lambda,1,0.648,1.064e-06,0.55,5.852e-07,6.89472e-07,1.064e-06,0.523598775598299,30,0.722136634041418,0.251450310314004,0.973586944355423,0.0264130556445778,1,1.31876542009011,1.05467795403357,0.264087466056541,5.36935878721011,4.2941255919343,1.07523319527581,-0.79184646427479,0.610720211729982,-0.913795684613188,-0.406174158191182,0.879701065028386,0.475527114040748,0.737763557020374,0.262236442979626,-0.015626922978956,-0.0107861326656215,0.493382524921856,0.493382524928915,0.470938707713089,0.47093870768798,0.00643579618780989,0.0287607607632618,OK
h_over_lambda,1,0.6665,1.064e-06,0.55,5.852e-07,7.09156e-07,1.064e-06,0.523598775598299,30,0.710745348148337,0.26384776213359,0.974593110281927,0.025406889718073,1,1.31876542009011,1.05467795403357,0.264087466056541,5.52265066616595,4.41672022688921,1.10593043927674,-0.68930887369059,0.724467581504797,-0.956607495088566,-0.291379649839138,0.89388169666315,0.448302924784802,0.724151462392401,0.275848537607599,-0.0134061142440638,-0.012000775474009,0.493382524921856,0.493382524928915,0.470938707713089,0.47093870768798,0.00643579618780989,0.0287607607632618,OK
h_over_lambda,1,0.685,1.064e-06,0.55,5.852e-07,7.2884e-07,1.064e-06,0.523598775598299,30,0.699115041499128,0.276049419886101,0.975164461385229,0.0248355386147717,1,1.31876542009011,1.05467795403357,0.264087466056541,5.6759425451218,4.53931486184413,1.13662768327767,-0.570605320778671,0.821224432112848,-0.985060024147431,-0.172211349296913,0.907220071134835,0.420656323535145,0.710328161767573,0.289671838232427,-0.0112131202684446,-0.0136224183463262,0.493382524921856,0.493382524928915,0.470938707713089,0.47093870768798,0.00643579618780989,0.0287607607632618,OK
h_over_lambda,1,0.7035,1.064e-06,0.55,5.852e-07,7.48524e-07,1.064e-06,0.523598775598299,30,0.687170732350075,0.288106632057088,0.975277364407164,0.0247226355928356,0.999999999999999,1.31876542009011,1.05467795403357,0.264087466056541,5.82923442407764,4.66190949679904,1.1673249272786,-0.438519691308943,0.89872158109968,-0.998726181396003,-0.0504580478631338,0.919703620402855,0.392613360213176,0.696306680106588,0.303693319893412,-0.00913594775651261,-0.0155866878363236,0.493382524921856,0.493382524928915,0.470938707713089,0.47093870768798,0.00643579618780989,0.0287607607632618,OK
h_over_lambda,1,0.722,1.064e-06,0.55,5.852e-07,7.68208e-07,1.064e-06,0.523598775598299,30,0.674833906308342,0.300099150597939,0.974933056906281,0.0250669430937198,1,1.31876542009011,1.05467795403357,0.264087466056541,5.98252630303348,4.78450413175395,1.19802217127953,-0.296149713152816,0.95514153265341,-0.997400829200696,0.0720526606709603,0.931320581882932,0.364200458211184,0.682100229105592,0.317899770894408,-0.00726632279725026,-0.0178006202964686,0.493382524921856,0.493382524928915,0.470938707713089,0.47093870768798,0.00643579618780989,0.0287607607632618,OK
h_over_lambda,1,0.7405,1.064e-06,0.55,5.852e-07,7.87892e-07,1.064e-06,0.523598775598299,30,0.66203022907005,0.312127682467586,0.974157911537636,0.0258420884623639,1,1.31876542009011,1.05467795403357,0.264087466056541,6.13581818198933,4.90709876670887,1.22871941528046,-0.14683430706311,0.989161102282786,-0.981103861933282,0.193481813356188,0.942060009530354,0.335444389494994,0.667722194747497,0.332277805252503,-0.00569196567744745,-0.0201501227849166,0.493382524921856,0.493382524928915,0.470938707713089,0.47093870768798,0.00643579618780989,0.0287607607632618,OK
h_over_lambda,1,0.759,1.064e-06,0.55,5.852e-07,8.07576e-07,1.064e-06,0.523598775598299,30,0.648696993263805,0.324304255789289,0.973001249053094,0.0269987509469062,1,1.31876542009011,1.05467795403357,0.264087466056541,6.28911006094517,5.02969340166378,1.25941665928139,0.00592471910316493,0.99998244869775,-0.950079907343838,0.312006682078325,0.951911784153847,0.30637224937817,0.653186124689085,0.346813875310915,-0.00448913142528018,-0.0225096195216262,0.493382524921856,0.493382524928915,0.470938707713089,0.47093870768798,0.00643579618780989,0.0287607607632618,OK
h_over_lambda,1,0.7775,1.064e-06,0.55,5.852e-07,8.2726e-07,1.064e-06,0.523598775598299,30,0.634789508244758,0.336741359114201,0.971530867358959,0.0284691326410409,1,1.31876542009011,1.05467795403357,0.264087466056541,6.44240193990102,5.1522880366187,1.29011390328232,0.158544796259093,0.987351785119753,-0.90479465454403,0.425848133855896,0.960866622950356,0.277011430991535,0.638505715495768,0.361494284504232,-0.00371620725100963,-0.0247529253900316,0.493382524921856,0.493382524928915,0.470938707713089,0.47093870768798,0.00643579618780989,0.0287607607632618,OK
h_over_lambda,1,0.796,1.064e-06,0.55,5.852e-07,8.46944e-07,1.064e-06,0.523598775598299,30,0.620286006281324,0.349541025715239,0.969827031996563,0.0301729680034363,0.999999999999999,1.31876542009011,1.05467795403357,0.264087466056541,6.59569381885686,5.27488267157361,1.32081114728325,0.307446614008524,0.951565331196284,-0.845927863720048,0.533297336747555,0.968916088251732,0.247389599472091,0.623694799736045,0.376305200263955,-0.00340879345472189,-0.0267641745487154,0.493382524921856,0.493382524928915,0.470938707713089,0.47093870768798,0.00643579618780989,0.0287607607632618,OK
h_over_lambda,1,0.8145,1.064e-06,0.55,5.852e-07,8.66628e-07,1.064e-06,0.523598775598299,30,0.605190958468316,0.362785091072336,0.967976049540652,0.0320239504593481,1,1.31876542009011,1.05467795403357,0.264087466056541,6.74898569781271,5.39747730652853,1.35150839128418,0.449138064142584,0.893462365932809,-0.774363162503777,0.632741410496539,0.9760525954751,0.217534665895625,0.608767332947812,0.391232667052188,-0.00357637447949632,-0.0284475759798513,0.493382524921856,0.493382524928915,0.470938707713089,0.47093870768798,0.00643579618780989,0.0287607607632618,OK
h_over_lambda,1,0.833,1.064e-06,0.55,5.852e-07,8.86312e-07,1.064e-06,0.523598775598299,30,0.58953686847366,0.376527729089696,0.966064597563355,0.0339354024366447,1,1.31876542009011,1.05467795403357,0.264087466056541,6.90227757676855,5.52007194148344,1.38220563528511,0.580296139033699,0.814405544567681,-0.691174782165125,0.722687636879857,0.982269420269406,0.18747476097759,0.593737380488795,0.406262619511205,-0.00420051201513527,-0.0297348904215095,0.493382524921856,0.493382524928915,0.470938707713089,0.47093870768798,0.00643579618780989,0.0287607607632618,OK
h_over_lambda,1,0.8515,1.064e-06,0.55,5.852e-07,9.05996e-07,1.064e-06,0.523598775598299,30,0.573384618016033,0.390791083813872,0.964175701829905,0.0358242981700953,1,1.31876542009011,1.05467795403357,0.264087466056541,7.05556945572439,5.64266657643835,1.41290287928604,0.697844864211511,0.716248941006978,-0.597611432723614,0.801785866349632,0.987560704851419,0.15723820856703,0.578619104283515,0.421380895716485,-0.00523448626748224,-0.030589811902613,0.493382524921856,0.493382524928915,0.470938707713089,0.47093870768798,0.00643579618780989,0.0287607607632618,OK
h_over_lambda,1,0.87,1.064e-06,0.55,5.852e-07,9.2568e-07,1.064e-06,0.523598775598299,30,0.556822329020803,0.405564399078594,0.962386728099397,0.0376132719006034,1,1.31876542009011,1.05467795403357,0.264087466056541,7.20886133468024,5.76526121139327,1.44360012328697,0.799027437413017,0.601294565301556,-0.495077559023968,0.868848784628757,0.991921463525203,0.126853498958521,0.563426749479261,0.43657325052074,-0.00660442045845744,-0.031008851442146,0.493382524921856,0.493382524928915,0.470938707713089,0.47093870768798,0.00643579618780989,0.0287607607632618,OK
h_over_lambda,1,0.8885,1.064e-06,0.55,5.852e-07,9.45364e-07,1.064e-06,0.523598775598299,30,0.539962585449931,0.420806568194569,0.9607691536445,0.0392308463555003,1,1.31876542009011,1.05467795403357,0.264087466056541,7.36215321363608,5.88785584634818,1.4742973672879,0.881470882271558,0.472238375936773,-0.385112259133826,0.922869735046523,0.995347587379878,0.0963492620472838,0.548174631023642,0.451825368976358,-0.0082120455737108,-0.0310188007817888,0.493382524921856,0.493382524928915,0.470938707713089,0.47093870768798,0.00643579618780989,0.0287607607632618,OK
h_over_lambda,1,0.907,1.064e-06,0.55,5.852e-07,9.65048e-07,1.064e-06,0.523598775598299,30,0.522937824446145,0.436451551658709,0.959389376104854,0.0406106238951459,1,1.31876542009011,1.05467795403357,0.264087466056541,7.51544509259193,6.0104504813031,1.50499461128883,0.94324170035904,0.332107053077448,-0.269366181511706,0.9630378290897,0.997835848161225,0.0657542403527597,0.53287712017638,0.46712287982362,-0.00993929573023511,-0.0306713281649106,0.493382524921856,0.493382524928915,0.470938707713089,0.47093870768798,0.00643579618780989,0.0287607607632618,OK
h_over_lambda,1,0.9255,1.064e-06,0.55,5.852e-07,9.84732e-07,1.064e-06,0.523598775598299,30,0.505893819179338,0.452415721467755,0.958309540647093,0.0416904593529073,1,1.31876542009011,1.05467795403357,0.264087466056541,7.66873697154777,6.13304511625801,1.53569185528976,0.982891216406266,0.184187015588532,-0.149576747733296,0.988750118350198,0.9993839013135,0.0350972619360578,0.517548630968029,0.482451369031971,-0.0116548117886911,-0.0300356475642156,0.493382524921856,0.493382524928915,0.470938707713089,0.47093870768798,0.00643579618780989,0.0287607607632618,OK
h_over_lambda,1,0.944,1.064e-06,0.55,5.852e-07,1.004416e-06,1.064e-06,0.523598775598299,30,0.488981425347505,0.46860596002008,0.957587385367585,0.0424126146324152,1,1.31876542009011,1.05467795403357,0.264087466056541,7.82202885050361,6.25563975121293,1.56638909929069,0.999489553246125,0.0319473465543019,-0.0275420726985759,0.999620645160686,0.999990288188583,0.00440721323681133,0.502203606618406,0.497796393381594,-0.0132221812709004,-0.0291904333615149,0.493382524921856,0.493382524928915,0.470938707713089,0.47093870768798,0.00643579618780989,0.0287607607632618,OK
h_over_lambda,1,0.9625,1.064e-06,0.55,5.852e-07,1.0241e-06,1.064e-06,0.523598775598299,30,0.47234708017999,0.484927321211361,0.957274401391351,0.0427255986086492,1,1.31876542009011,1.05467795403357,0.264087466056541,7.97532072945946,6.37823438616784,1.59708634329162,0.992647439684966,-0.121041565120753,0.0949060262061261,0.995486236062439,0.999654437420385,-0.0262869881449798,0.48685650592751,0.51314349407249,-0.0145094257475203,-0.0282161728611284,0.493382524921856,0.493382524928915,0.470938707713089,0.47093870768798,0.00643579618780989,0.0287607607632618,OK
h_over_lambda,1,0.981,1.064e-06,0.55,5.852e-07,1.043784e-06,1.064e-06,0.523598775598299,30,0.456122828855962,0.501289260474449,0.957412089330411,0.0425879106695899,1,1.31876542009011,1.05467795403357,0.264087466056541,8.1286126084153,6.50082902112276,1.62778358729255,0.962525339854752,-0.271191758977839,0.215929525841627,0.97640895114179,0.998376665463215,-0.0569564206964611,0.471521789651769,0.528478210348231,-0.0153989607958078,-0.0271889498737814,0.493382524921856,0.493382524928915,0.470938707713089,0.47093870768798,0.00643579618780989,0.0287607607632618,OK
h_over_lambda,1,0.9995,1.064e-06,0.55,5.852e-07,1.063468e-06,1.064e-06,0.523598775598299,30,0.440416822973563,0.517609816023886,0.958026638997449,0.0419733610025511,1,1.31876542009011,1.05467795403357,0.264087466056541,8.28190448737115,6.62342365607767,1.65848083129348,0.909829689940585,-0.414981849365269,0.333711787201645,0.942675152469123,0.996158176293604,-0.0875721862431319,0.456213906878434,0.543786093121566,-0.0157970839048706,-0.0261762770976801,0.493382524921856,0.493382524928915,0.470938707713089,0.47093870768798,0.00643579618780989,0.0287607607632618,OK
h_over_lambda,1,1.018,1.064e-06,0.55,5.852e-07,1.083152e-06,1.064e-06,0.523598775598299,30,0.42530524817665,0.533817587057527,0.959122835234177,0.0408771647658236,1,1.31876542009011,1.05467795403357,0.264087466056541,8.43519636632699,6.74601829103258,1.68917807529441,0.835796330541451,-0.549039610459434,0.44648482430925,0.894791205623713,0.993001060275859,-0.118105437178054,0.440947281410973,0.559052718589027,-0.0156420332343224,-0.0252351315315003,0.493382524921856,0.493382524928915,0.470938707713089,0.47093870768798,0.00643579618780989,0.0287607607632618,OK
h_over_lambda,1,1.0365,1.064e-06,0.55,5.852e-07,1.102836e-06,1.064e-06,0.523598775598299,30,0.410826505791457,0.54985179673814,0.960678302529597,0.0393216974704031,1,1.31876542009011,1.05467795403357,0.264087466056541,8.58848824528284,6.8686129259875,1.71987531929534,0.74216152321544,-0.670221063126591,0.552555842800679,0.833475878827235,0.988908292192429,-0.148527403643416,0.425736298178292,0.574263701821708,-0.0149097923868347,-0.0244119050835683,0.493382524921856,0.493382524928915,0.470938707713089,0.47093870768798,0.00643579618780989,0.0287607607632618,OK
h_over_lambda,1,1.055,1.064e-06,0.55,5.852e-07,1.12252e-06,1.064e-06,0.523598775598299,30,0.3969782466195,0.565661049513397,0.962639296132897,0.0373607038671029,1,1.31876542009011,1.05467795403357,0.264087466056541,8.74178012423868,6.99120756094241,1.75057256329627,0.631121230941664,-0.775684208847053,0.650332649835629,0.759649553779748,0.983883728440917,-0.178809420638844,0.410595289680578,0.589404710319422,-0.0136170430610776,-0.0237436608060255,0.493382524921856,0.493382524928915,0.470938707713089,0.47093870768798,0.00643579618780989,0.0287607607632618,OK
h_over_lambda,1,1.0735,1.064e-06,0.55,5.852e-07,1.142204e-06,1.064e-06,0.523598775598299,30,0.383717592576162,0.581201531564929,0.96491912414109,0.0350808758589093,1,1.31876542009011,1.05467795403357,0.264087466056541,8.89507200319452,7.11380219589733,1.7812698072972,0.505279617470611,-0.8629556814627,0.738347553915311,0.674420410150284,0.977932103400413,-0.208922955030903,0.395538522484549,0.604461477515451,-0.0118209299083872,-0.0232599459505224,0.493382524921856,0.493382524928915,0.470938707713089,0.47093870768798,0.00643579618780989,0.0287607607632618,OK
h_over_lambda,1,1.092,1.064e-06,0.55,5.852e-07,1.161888e-06,1.064e-06,0.523598775598299,30,0.370964624039625,0.596435347384587,0.967399971424212,0.0326000285757881,1,1.31876542009011,1.05467795403357,0.264087466056541,9.04836388215037,7.23639683085224,1.81196705129813,0.367587973377928,-0.929988753602917,0.815279395856866,0.579067791101581,0.97105902497053,-0.238839632438347,0.380580183780827,0.619419816219173,-0.00961555974120148,-0.0229844688345865,0.493382524921856,0.493382524928915,0.470938707713089,0.47093870768798,0.00643579618780989,0.0287607607632618,OK
h_over_lambda,1,1.1105,1.064e-06,0.55,5.852e-07,1.181572e-06,1.064e-06,0.523598775598299,30,0.358608968162146,0.611329470608691,0.969938438770837,0.0300615612291626,1,1.31876542009011,1.05467795403357,0.264087466056541,9.20165576110621,7.35899146580716,1.84266429529906,0.221275501153535,-0.975211337397824,0.879973380225382,0.47502299954288,0.963270969287385,-0.268531263967796,0.365734368016102,0.634265631983898,-0.00712539985395627,-0.0229361613752068,0.493382524921856,0.493382524928915,0.470938707713089,0.47093870768798,0.00643579618780989,0.0287607607632618,OK
h_over_lambda,1,1.129,1.064e-06,0.55,5.852e-07,1.201256e-06,1.064e-06,0.523598775598299,30,0.346519084115765,0.625855486383559,0.972374570499324,0.0276254295006767,1,1.31876542009011,1.05467795403357,0.264087466056541,9.35494764006206,7.48158610076207,1.87336153929999,0.0697735825833491,-0.99756285374581,0.931458409541202,0.36384781337116,0.954575274621479,-0.297969872774629,0.351015063612685,0.648984936387315,-0.0044959794969206,-0.0231294500037554,0.493382524921856,0.493382524928915,0.470938707713089,0.47093870768798,0.00643579618780989,0.0287607607632618,OK
h_over_lambda,1,1.1475,1.064e-06,0.55,5.852e-07,1.22094e-06,1.064e-06,0.523598775598299,30,0.334553591328065,0.639990008140097,0.974543599468161,0.025456400531838,0.999999999999999,1.31876542009011,1.05467795403357,0.264087466056541,9.5082395190179,7.60418073571698,1.90405878330092,-0.0833646954630661,-0.996519105461782,0.968961661065136,0.247211042200572,0.944980134463234,-0.327127720424071,0.336436139787965,0.663563860212035,-0.00188254845989988,-0.0235738520719387,0.493382524921856,0.493382524928915,0.470938707713089,0.47093870768798,0.00643579618780989,0.0287607607632618,OK
h_over_lambda,1,1.166,1.064e-06,0.55,5.852e-07,1.240624e-06,1.064e-06,0.523598775598299,30,0.322573732032925,0.65371545275807,0.976289184790995,0.0237108152090062,1,1.31876542009011,1.05467795403357,0.264087466056541,9.66153139797374,7.7267753706719,1.93475602730185,-0.2345478695238,-0.972104570970555,0.991920187354861,0.126863477478342,0.934494589802704,-0.355977333027648,0.322011333486176,0.677988666513824,0.00056239854674861,-0.0242732137557536,0.493382524921856,0.493382524928915,0.470938707713089,0.47093870768798,0.00643579618780989,0.0287607607632618,OK
h_over_lambda,1,1.1845,1.064e-06,0.55,5.852e-07,1.260308e-06,1.064e-06,0.523598775598299,30,0.310455836969828,0.66702081402325,0.977476650993078,0.0225233490069221,1,1.31876542009011,1.05467795403357,0.264087466056541,9.81482327692959,7.84937000562681,1.96545327130278,-0.380230328059914,-0.924891830228514,0.999989366460837,0.00461161200168232,0.923128520610731,-0.384491527130369,0.307754236434815,0.692245763565185,0.00270160053501256,-0.0252249495419343,0.493382524921856,0.493382524928915,0.470938707713089,0.47093870768798,0.00643579618780989,0.0287607607632618,OK
h_over_lambda,1,1.203,1.064e-06,0.55,5.852e-07,1.279992e-06,1.064e-06,0.523598775598299,30,0.298102534892826,0.679902190770952,0.978004725663778,0.0219952743362216,1,1.31876542009011,1.05467795403357,0.264087466056541,9.96811515588543,7.97196464058173,1.99615051530371,-0.516995464632125,-0.855988136337072,0.99304807491897,-0.117709476677654,0.910892636529574,-0.412643435324253,0.293678282337874,0.706321717662126,0.00442425255495271,-0.0264195268911743,0.493382524921856,0.493382524928915,0.470938707713089,0.47093870768798,0.00643579618780989,0.0287607607632618,OK
h_over_lambda,1,1.2215,1.064e-06,0.55,5.852e-07,1.299676e-06,1.064e-06,0.523598775598299,30,0.285451477180951,0.692363045402311,0.977814522583261,0.0221854774167383,1,1.31876542009011,1.05467795403357,0.264087466056541,10.1214070348413,8.09455927553664,2.02684775930464,-0.641635805595518,-0.767009447776095,0.97120050589015,-0.238263671924019,0.897798466781782,-0.440406531564055,0.279796734217973,0.720203265782027,0.00565474296297808,-0.0278402203797168,0.493382524921856,0.493382524928915,0.470938707713089,0.47093870768798,0.00643579618780989,0.0287607607632618,OK
h_over_lambda,1,1.24,1.064e-06,0.55,5.852e-07,1.31936e-06,1.064e-06,0.523598775598299,30,0.272480575968428,0.704414384574002,0.97689496054243,0.0231050394575699,1,1.31876542009011,1.05467795403357,0.264087466056541,10.2746989137971,8.21715391049156,2.05754500330557,-0.751228233123765,-0.660042530264336,0.934774605155235,-0.355241379285796,0.883858349306824,-0.467754656161342,0.266122671919329,0.733877328080671,0.00635790404909892,-0.0294629435066691,0.493382524921856,0.493382524928915,0.470938707713089,0.47093870768798,0.00643579618780989,0.0287607607632618,OK
h_over_lambda,1,1.2585,1.064e-06,0.55,5.852e-07,1.339044e-06,1.064e-06,0.523598775598299,30,0.259209166901342,0.716075154213423,0.975284321114766,0.0247156788852346,1,1.31876542009011,1.05467795403357,0.264087466056541,10.427990792753,8.33974854544647,2.08824224730649,-0.843202539400827,-0.537596017049975,0.884317148442187,-0.466886689648654,0.869085419135702,-0.494662040433386,0.252668979783307,0.747331020216693,0.0065401871180355,-0.0312558660032695,0.493382524921856,0.493382524928915,0.470938707713089,0.47093870768798,0.00643579618780989,0.0287607607632618,OK
h_over_lambda,1,1.277,1.064e-06,0.55,5.852e-07,1.358728e-06,1.064e-06,0.523598775598299,30,0.245695042423761,0.727373058891646,0.973068101315407,0.0269318986845927,1,1.31876542009011,1.05467795403357,0.264087466056541,10.5812826717088,8.46234318040139,2.11893949130743,-0.915401704218286,-0.402541575386018,0.820585533977789,-0.571523736538026,0.853493596014508,-0.52110333098362,0.23944833450819,0.76055166549181,0.00624670791557094,-0.0331786066001636,0.493382524921856,0.493382524928915,0.470938707713089,0.47093870768798,0.00643579618780989,0.0287607607632618,OK
h_over_lambda,1,1.2955,1.064e-06,0.55,5.852e-07,1.378412e-06,1.064e-06,0.523598775598299,30,0.232027858073342,0.738345766664216,0.970373624737559,0.0296263752624412,1,1.31876542009011,1.05467795403357,0.264087466056541,10.7345745506647,8.5849378153563,2.14963673530836,-0.9661324823227,-0.258046558979146,0.744536413462889,-0.667581851931145,0.837097571288596,-0.547053613590784,0.226473193204608,0.773526806795392,0.00555466486873413,-0.0351810401311753,0.493382524921856,0.493382524928915,0.470938707713089,0.47093870768798,0.00643579618780989,0.0287607607632618,OK
h_over_lambda,1,1.314,1.064e-06,0.55,5.852e-07,1.398096e-06,1.064e-06,0.523598775598299,30,0.218319883372333,0.749042140928052,0.967362024300385,0.0326379756996152,1,1.31876542009011,1.05467795403357,0.264087466056541,10.8878664296205,8.70753245031121,2.18033397930929,-0.994205114117183,-0.107499725875183,0.657311332127439,-0.75361914297399,0.8199127940597,-0.572488436684284,0.213755781657858,0.786244218342142,0.00456410171447513,-0.0372020774140898,0.493382524921856,0.493382524928915,0.470938707713089,0.47093870768798,0.00643579618780989,0.0287607607632618,OK
h_over_lambda,1,1.3325,1.064e-06,0.55,5.852e-07,1.41778e-06,1.064e-06,0.523598775598299,30,0.20469536172303,0.75952288493256,0.96421824665559,0.0357817533444104,1,1.31876542009011,1.05467795403357,0.264087466056541,11.0411583085763,8.83012708526613,2.21103122331021,-0.99896122840509,0.0455682361233422,0.560219593417107,-0.828344135701806,0.801955456629075,-0.597383834383599,0.201308082808201,0.798691917191799,0.00338727891482904,-0.039169032259239,0.493382524921856,0.493382524928915,0.470938707713089,0.47093870768798,0.00643579618780989,0.0287607607632618,OK
h_over_lambda,1,1.351,1.064e-06,0.55,5.852e-07,1.437464e-06,1.064e-06,0.523598775598299,30,0.191279813651271,0.769859903442398,0.961139717093669,0.0388602829063312,1,1.31876542009011,1.05467795403357,0.264087466056541,11.1944501875322,8.95272172022104,2.24172846731114,-0.980289282788901,0.197567512636117,0.454718605523361,-0.890635160877275,0.783242479240347,-0.621716349080057,0.189141825459972,0.810858174540028,0.00213798819129882,-0.0409982710976299,0.493382524921856,0.493382524928915,0.470938707713089,0.47093870768798,0.00643579618780989,0.0287607607632618,OK
h_over_lambda,1,1.3695,1.064e-06,0.55,5.852e-07,1.457148e-06,1.064e-06,0.523598775598299,30,0.17819046962979,0.780133819870555,0.958324289500345,0.0416757104996558,1,1.31876542009011,1.05467795403357,0.264087466056541,11.347742066488,9.07531635517596,2.27242571131207,-0.938627179609549,0.344933352545421,0.342392004767957,-0.939557190952727,0.763791494136469,-0.645463053539689,0.177268473230155,0.822731526769845,0.000921996399634445,-0.0425977068992894,0.493382524921856,0.493382524928915,0.470938707713089,0.47093870768798,0.00643579618780989,0.0287607607632618,OK
h_over_lambda,1,1.388,1.064e-06,0.55,5.852e-07,1.476832e-06,1.064e-06,0.523598775598299,30,0.165528704249164,0.790429394492605,0.955958098741768,0.0440419012582314,1,1.31876542009011,1.05467795403357,0.264087466056541,11.5010339454439,9.19791099013087,2.30312295531301,-0.874951996076101,0.484209670042273,0.224925884223641,-0.974375875422936,0.7436208289458,-0.668601572506348,0.165699213746826,0.834300786253174,-0.000170509497662258,-0.0438713917605694,0.493382524921856,0.493382524928915,0.470938707713089,0.47093870768798,0.00643579618780989,0.0287607607632618,OK
h_over_lambda,1,1.4065,1.064e-06,0.55,5.852e-07,1.496516e-06,1.064e-06,0.523598775598299,30,0.153374944563817,0.800828974407161,0.954203918970978,0.0457960810290214,1,1.31876542009011,1.05467795403357,0.264087466056541,11.6543258243997,9.32050562508578,2.33382019931394,-0.790757069439102,0.612130098207957,0.104083484394449,-0.994568563889042,0.722749489412954,-0.691110103784711,0.154444948107644,0.845555051892356,-0.00107000354382755,-0.0447260774851942,0.493382524921856,0.493382524928915,0.470938707713089,0.47093870768798,0.00643579618780989,0.0287607607632618,OK
h_over_lambda,1,1.425,1.064e-06,0.55,5.852e-07,1.5162e-06,1.064e-06,0.523598775598299,30,0.141786130402907,0.811404465371001,0.953190595773909,0.0468094042260914,1,1.31876542009011,1.05467795403357,0.264087466056541,11.8076177033556,9.4431002600407,2.36451744331486,-0.688016974615761,0.725694593228153,-0.0183212741355739,-0.999832151370443,0.701197141490697,-0.71296743878334,0.14351628060833,0.85648371939167,-0.00173015020542297,-0.0450792540206684,0.493382524921856,0.493382524928915,0.470938707713089,0.47093870768798,0.00643579618780989,0.0287607607632618,OK
h_over_lambda,1,1.4435,1.064e-06,0.55,5.852e-07,1.535884e-06,1.064e-06,0.523598775598299,30,0.130795485122125,0.82220857853978,0.953004063661905,0.0469959363380957,1,1.31876542009011,1.05467795403357,0.264087466056541,11.9609095823114,9.56569489499561,2.39521468731579,-0.569141215626484,0.822239792685326,-0.140451018793583,-0.990087628101596,0.678984092809763,-0.734152982498405,0.132923508750798,0.867076491249202,-0.00212802362867251,-0.0448679127094228,0.493382524921856,0.493382524928915,0.470938707713089,0.47093870768798,0.00643579618780989,0.0287607607632618,OK
h_over_lambda,1,1.462,1.064e-06,0.55,5.852e-07,1.555568e-06,1.064e-06,0.523598775598299,30,0.120414151898622,0.833266249232085,0.953680401130707,0.0463195988692932,1,1.31876542009011,1.05467795403357,0.264087466056541,12.1142014612673,9.68828952995053,2.42591193131672,-0.436917716890714,0.899501477857044,-0.260472505138284,-0.965481265518387,0.656131273544064,-0.754646772919254,0.122676613540373,0.877323386459627,-0.00226246164175067,-0.0440571372275421,0.493382524921856,0.493382524928915,0.470938707713089,0.47093870768798,0.00643579618780989,0.0287607607632618,OK
h_over_lambda,1,1.4805,1.064e-06,0.55,5.852e-07,1.575252e-06,1.064e-06,0.523598775598299,30,0.110634168578175,0.844567167409438,0.955201335987613,0.0447986640123862,0.999999999999999,1.31876542009011,1.05467795403357,0.264087466056541,12.2674933402231,9.81088416490544,2.45660917531765,-0.294447439648015,0.95566767512809,-0.376584135014425,-0.926382420631694,0.632660216689291,-0.774429499837564,0.112785250081218,0.887214749918782,-0.00215108150304309,-0.0426475825093438,0.493382524921856,0.493382524928915,0.470938707713089,0.47093870768798,0.00643579618780989,0.0287607607632618,OK
h_over_lambda,1,1.499,1.064e-06,0.55,5.852e-07,1.594936e-06,1.064e-06,0.523598775598299,30,0.101432270926669,0.856060333172728,0.957492604099397,0.0425073959006037,1,1.31876542009011,1.05467795403357,0.264087466056541,12.4207852191789,9.93347879986036,2.48730641931858,-0.145071656907677,0.989421151159637,-0.487042999676586,-0.873377991745861,0.608593037773522,-0.793482523042314,0.103258738478843,0.896741261521157,-0.00182646755217421,-0.0406809283484288,0.493382524921856,0.493382524928915,0.470938707713089,0.47093870768798,0.00643579618780989,0.0287607607632618,OK
h_over_lambda,1,1.5175,1.064e-06,0.55,5.852e-07,1.61462e-06,1.064e-06,0.523598775598299,30,0.0927740926466097,0.867651477678904,0.960425570325513,0.0395744296744862,1,1.31876542009011,1.05467795403357,0.264087466056541,12.5740770981348,10.0560734348153,2.51800366331951,0.0077064074946315,0.999970305200873,-0.590191041947951,-0.807263608745243,0.583952414018936,-0.811787889883471,0.0941060550582648,0.905893944941735,-0.00133196241165506,-0.0382424672628316,0.493382524921856,0.493382524928915,0.470938707713089,0.47093870768798,0.00643579618780989,0.0287607607632618,OK
h_over_lambda,1,1.536,1.064e-06,0.55,5.852e-07,1.634304e-06,1.064e-06,0.523598775598299,30,0.0846184314128601,0.879204067517299,0.963822498930159,0.0361775010698409,1,1.31876542009011,1.05467795403357,0.264087466056541,12.7273689770906,10.1786680697702,2.54870090732044,0.16030373797925,0.987067734043556,-0.684479944703528,-0.729031690188194,0.558761562974272,-0.82932835218781,0.0853358239060949,0.914664176093905,-0.000717392493234839,-0.0354601085766062,0.493382524921856,0.493382524928915,0.470938707713089,0.47093870768798,0.00643579618780989,0.0287607607632618,OK
h_over_lambda,1,1.5545,1.064e-06,0.55,5.852e-07,1.653988e-06,1.064e-06,0.523598775598299,30,0.0769213417512656,0.890544410154489,0.967465751905754,0.0325342480942462,1,1.31876542009011,1.05467795403357,0.264087466056541,12.8806608560465,10.3012627047251,2.57939815132137,0.309141557614558,0.951016034226366,-0.76849437208606,-0.639856546479016,0.533044220638171,-0.846087382510958,0.0769563087445209,0.923043691255479,-3.49669932552532e-05,-0.0324992811009903,0.493382524921856,0.493382524928915,0.470938707713089,0.47093870768798,0.00643579618780989,0.0287607607632618,OK
h_over_lambda,1,1.573,1.064e-06,0.55,5.852e-07,1.673672e-06,1.064e-06,0.523598775598299,30,0.0696398789942946,0.901471060153273,0.971110939147568,0.0288890608524321,1,1.31876542009011,1.05467795403357,0.264087466056541,13.0339527350023,10.42385733968,2.6100953953223,0.450729259102437,0.892660705413299,-0.840973214589269,-0.54107675272866,0.506824619094005,-0.862049189710319,0.0689754051448408,0.931024594855159,0.000664473849453881,-0.0295535347018858,0.493382524921856,0.493382524928915,0.470938707713089,0.47093870768798,0.00643579618780989,0.0287607607632618,OK
h_over_lambda,1,1.5915,1.064e-06,0.55,5.852e-07,1.693356e-06,1.064e-06,0.523598775598299,30,0.0627353495215764,0.91176826591856,0.974503615440137,0.0254963845598646,1,1.31876542009011,1.05467795403357,0.264087466056541,13.1872446139582,10.5464519746349,2.64079263932323,0.581746267972302,0.813370321379074,-0.900828519106377,-0.434175055898668,0.480127463677274,-0.877198733824228,0.0614006330878861,0.938599366912114,0.00133471643369026,-0.0268311009935537,0.493382524921856,0.493382524928915,0.470938707713089,0.47093870768798,0.00643579618780989,0.0287607607632618,OK
h_over_lambda,1,1.61,1.064e-06,0.55,5.852e-07,1.71304e-06,1.064e-06,0.523598775598299,30,0.0561759302247783,0.921222613272834,0.977398543497612,0.0226014565023883,1,1.31876542009011,1.05467795403357,0.264087466056541,13.340536492914,10.6690466095898,2.67148988332416,0.699119918093601,0.715004433639957,-0.947161819791943,-0.320756117834743,0.452977909697083,-0.891521740243311,0.0542391298783446,0.945760870121656,0.00193680034643375,-0.0245382568488217,0.493382524921856,0.493382524928915,0.470938707713089,0.47093870768798,0.00643579618780989,0.0287607607632618,OK
h_over_lambda,1,1.6285,1.064e-06,0.55,5.852e-07,1.732724e-06,1.064e-06,0.523598775598299,30,0.0499385236254253,0.929641395923353,0.979579919548778,0.0204200804512227,1,1.31876542009011,1.05467795403357,0.264087466056541,13.4938283718698,10.7916412445448,2.70218712732509,0.800097513137372,0.599869960467594,-0.979277624600465,-0.202522428281096,0.425401538733633,-0.905004713160687,0.0474976434196565,0.952502356580344,0.0024408802057688,-0.0228609606569908,0.493382524921856,0.493382524928915,0.470938707713089,0.47093870768798,0.00643579618780989,0.0287607607632618,OK
h_over_lambda,1,1.647,1.064e-06,0.55,5.852e-07,1.752408e-06,1.064e-06,0.523598775598299,30,0.0440097366472814,0.93687071337224,0.980880450019522,0.0191195499804789,1,1.31876542009011,1.05467795403357,0.264087466056541,13.6471202508257,10.9142358794997,2.73288437132602,0.882310883971131,0.470667084069071,-0.996693855060333,-0.0812487494363594,0.397424334534065,-0.917634948288346,0.0411825258558269,0.958817474144173,0.00282721079145448,-0.0219467607719328,0.493382524921856,0.493382524928915,0.470938707713089,0.47093870768798,0.00643579618780989,0.0287607607632618,OK
h_over_lambda,1,1.6655,1.064e-06,0.55,5.852e-07,1.772092e-06,1.064e-06,0.523598775598299,30,0.0383859275883711,0.942811028837683,0.981196956426054,0.0188030435739459,1,1.31876542009011,1.05467795403357,0.264087466056541,13.8004121297815,11.0368305144546,2.76358161532695,0.943831927959819,0.33042592477536,-0.999149082575522,0.0412445243455762,0.36907265852934,-0.929400544827732,0.035299727586134,0.964700272413866,0.00308620000223712,-0.0218892435761833,0.493382524921856,0.493382524928915,0.470938707713089,0.47093870768798,0.00643579618780989,0.0287607607632618,OK
h_over_lambda,1,1.684,1.064e-06,0.55,5.852e-07,1.791776e-06,1.064e-06,0.523598775598299,30,0.0330723601609681,0.947428045060932,0.9805004052219,0.0194995947781004,1,1.31876542009011,1.05467795403357,0.264087466056541,13.9537040087374,11.1594251494095,2.79427885932788,0.983217827641708,0.182435477381787,-0.986606452633587,0.163118691822147,0.340373224995289,-0.940290416683222,0.0298547916583892,0.970145208341611,0.00321756850257883,-0.0227171632806792,0.493382524921856,0.493382524928915,0.470938707713089,0.47093870768798,0.00643579618780989,0.0287607607632618,OK
h_over_lambda,1,1.7025,1.064e-06,0.55,5.852e-07,1.81146e-06,1.064e-06,0.523598775598299,30,0.0280816199011715,0.95075731196998,0.978838931871152,0.0211610681288484,1,1.31876542009011,1.05467795403357,0.264087466056541,14.1069958876932,11.2820197843644,2.82497610332881,0.999544888291833,0.0301664762553984,-0.959254238015126,0.282544344926632,0.311353075881153,-0.95029430290797,0.0248528485460149,0.975147151453985,0.00322877135515657,-0.024389839484005,0.493382524921856,0.493382524928915,0.470938707713089,0.47093870768798,0.00643579618780989,0.0287607607632618,OK
h_over_lambda,1,1.721,1.064e-06,0.55,5.852e-07,1.831144e-06,1.064e-06,0.523598775598299,30,0.0234315560901685,0.952901876972417,0.976333433062586,0.0236665669374148,1,1.31876542009011,1.05467795403357,0.264087466056541,14.2602877666491,11.4046144193193,2.85567334732974,0.992430200800117,-0.122810001790727,-0.917503012700676,0.39772882933625,0.282039555329403,-0.959402777372253,0.0202986113138735,0.979701388686127,0.00313294477629499,-0.0267995117137093,0.493382524921856,0.493382524928915,0.470938707713089,0.47093870768798,0.00643579618780989,0.0287607607632618,OK
h_over_lambda,1,1.7395,1.064e-06,0.55,5.852e-07,1.850828e-06,1.064e-06,0.523598775598299,30,0.0191430772194387,0.954023325642256,0.973166402861695,0.0268335971383051,1,1.31876542009011,1.05467795403357,0.264087466056541,14.4135796456049,11.5272090542742,2.88637059133067,0.962040621817266,-0.272906287896502,-0.861979488896499,0.506943153343381,0.252460283910804,-0.967607257645206,0.016196371177397,0.983803628822603,0.00294670604204172,-0.0297803031803469,0.493382524921856,0.493382524928915,0.470938707713089,0.47093870768798,0.00643579618780989,0.0287607607632618,OK
h_over_lambda,1,1.758,1.064e-06,0.55,5.852e-07,1.870512e-06,1.064e-06,0.523598775598299,30,0.0152381264944702,0.954327492476527,0.969565618970997,0.030434381029003,1,1.31876542009011,1.05467795403357,0.264087466056541,14.5668715245608,11.6498036892292,2.9170678353316,0.90908886056224,-0.416602260677553,-0.793517109689373,0.608547941110825,0.222643132599027,-0.974900013081594,0.012549993459203,0.987450006540797,0.00268813303526721,-0.0331225140642702,0.493382524921856,0.493382524928915,0.470938707713089,0.47093870768798,0.00643579618780989,0.0287607607632618,OK
h_over_lambda,1,1.7765,1.064e-06,0.55,5.852e-07,1.890196e-06,1.064e-06,0.523598775598299,30,0.0117380935880727,0.954046743696812,0.965784837284885,0.0342151627151161,1,1.31876542009011,1.05467795403357,0.264087466056541,14.7201634035166,11.7723983241841,2.94776507933253,0.834816764065171,-0.550527901596055,-0.713143538540568,0.701018040736355,0.192616196509306,-0.981274172105986,0.00936291394700698,0.990637086052993,0.00237517964106575,-0.0365903423561805,0.493382524921856,0.493382524928915,0.470938707713089,0.47093870768798,0.00643579618780989,0.0287607607632618,OK
h_over_lambda,1,1.795,1.064e-06,0.55,5.852e-07,1.90988e-06,1.064e-06,0.523598775598299,30,0.00866279932028314,0.953420948621973,0.962083747942256,0.0379162520577429,0.999999999999999,1.31876542009011,1.05467795403357,0.264087466056541,14.8734552824724,11.894992959139,2.97846232333346,0.740966192847229,-0.671542330056328,-0.622065233409594,0.78296541774402,0.162407768425915,-0.986723728687475,0.00663813565626234,0.993361864343738,0.0020246636640208,-0.0399409157217644,0.493382524921856,0.493382524928915,0.470938707713089,0.47093870768798,0.00643579618780989,0.0287607607632618,OK
h_over_lambda,1,1.8135,1.064e-06,0.55,5.852e-07,1.929564e-06,1.064e-06,0.523598775598299,30,0.00603005371292803,0.952679089527076,0.958709143240004,0.041290856759996,1,1.31876542009011,1.05467795403357,0.264087466056541,15.0267471614283,12.0175875940939,3.00915956733439,0.629738170073281,-0.77680746466081,-0.52164933705984,0.853159990356457,0.132046312143367,-0.991243547998844,0.004378226000578,0.995621773999422,0.00165182771235003,-0.0429426844723459,0.493382524921856,0.493382524928915,0.470938707713089,0.47093870768798,0.00643579618780989,0.0287607607632618,OK
h_over_lambda,1,1.832,1.064e-06,0.55,5.852e-07,1.949248e-06,1.064e-06,0.523598775598299,30,0.00385566777238636,0.952023033226366,0.955878700998752,0.0441212990012483,1,1.31876542009011,1.05467795403357,0.264087466056541,15.1800390403841,12.1401822290488,3.03985681133532,0.503741262228656,-0.863854583091553,-0.413403155384034,0.910548093797644,0.101560435646515,-0.994829371254835,0.00258531437258256,0.997414685627417,0.0012703533998038,-0.0453916524010519,0.493382524921856,0.493382524928915,0.470938707713089,0.47093870768798,0.00643579618780989,0.0287607607632618,OK
h_over_lambda,1,1.8505,1.064e-06,0.55,5.852e-07,1.968932e-06,1.064e-06,0.523598775598299,30,0.00215371832676756,0.951614459169472,0.95376817749624,0.04623182250376,1,1.31876542009011,1.05467795403357,0.264087466056541,15.33333091934,12.2627768640037,3.07055405533625,0.36593040191813,-0.930642219626875,-0.298951531792803,0.954268296465274,0.0709788641547591,-0.99747781972498,0.00126109013750986,0.99873890986249,0.000892628189257695,-0.047124450693018,0.493382524921856,0.493382524928915,0.470938707713089,0.47093870768798,0.00643579618780989,0.0287607607632618,OK
h_over_lambda,1,1.869,1.064e-06,0.55,5.852e-07,1.988616e-06,1.064e-06,0.523598775598299,30,0.000936832635401927,0.951565448018728,0.95250228065413,0.0474977193458713,1,1.31876542009011,1.05467795403357,0.264087466056541,15.4866227982958,12.3853714989586,3.10125129933718,0.219537587540624,-0.975604042456182,-0.180012457290983,0.983664330562038,0.0403304130557989,-0.9991863979172,0.000406801041400122,0.9995931989586,0.000530031594001805,-0.0480277509398723,0.493382524921856,0.493382524928915,0.470938707713089,0.47093870768798,0.00643579618780989,0.0287607607632618,OK
h_over_lambda,1,1.8875,1.064e-06,0.55,5.852e-07,2.0083e-06,1.064e-06,0.523598775598299,30,0.000216273497957979,0.951932866948931,0.952149140446889,0.0478508595531111,1,1.31876542009011,1.05467795403357,0.264087466056541,15.6399146772517,12.5079661339136,3.13194854333811,0.0679960851001018,-0.99768558795397,-0.0583712823498613,0.998294943088881,0.00964396075442433,-0.999953495929169,2.32520354153701e-05,0.999976747964585,0.000193021462542609,-0.048043881015654,0.493382524921856,0.493382524928915,0.470938707713089,0.47093870768798,0.00643579618780989,0.0287607607632618,OK
h_over_lambda,1,1.906,1.064e-06,0.55,5.852e-07,2.027984e-06,1.064e-06,0.523598775598299,30,1.65857062088525e-06,0.952716466103923,0.952718124674544,0.0472818753254559,1,1.31876542009011,1.05467795403357,0.264087466056541,15.7932065562075,12.6305607688685,3.16264578733904,-0.0851400901962551,-0.996368990405349,0.0641460823286493,0.997940519330629,-0.0210515785380527,-0.999778390965246,0.000110804517377022,0.999889195482623,-0.000109145946756137,-0.0471727293786998,0.493382524921856,0.493382524928915,0.470938707713089,0.47093870768798,0.00643579618780989,0.0287607607632618,OK
h_over_lambda,1,1.9245,1.064e-06,0.55,5.852e-07,2.047668e-06,1.064e-06,0.523598775598299,30,0.000300230622993142,0.953860496597875,0.954160727220868,0.0458392727791312,0.999999999999999,1.31876542009011,1.05467795403357,0.264087466056541,15.9464984351634,12.7531554038234,3.19334303133997,-0.236279524201118,-0.971685127211121,0.185700573882443,0.982606379411273,-0.0517272820481394,-0.998661248017521,0.000669375991239588,0.99933062400876,-0.000369145368246446,-0.0454701274108855,0.493382524921856,0.493382524928915,0.470938707713089,0.47093870768798,0.00643579618780989,0.0287607607632618,OK
h_over_lambda,1,1.943,1.064e-06,0.55,5.852e-07,2.067352e-06,1.064e-06,0.523598775598299,30,0.00111569997413162,0.955258617051867,0.956374317025999,0.0436256829740019,1,1.31876542009011,1.05467795403357,0.264087466056541,16.0997903141192,12.8757500387783,3.2240402753409,-0.381877631185779,-0.92421289473797,0.30446758278188,0.952522698435559,-0.0823542456925432,-0.996603119710355,0.00169844014482249,0.998301559855178,-0.000582740170690873,-0.0430429428033103,0.493382524921856,0.493382524928915,0.470938707713089,0.47093870768798,0.00643579618780989,0.0287607607632618,OK
h_over_lambda,1,1.9615,1.064e-06,0.55,5.852e-07,2.087036e-06,1.064e-06,0.523598775598299,30,0.00244679660516742,0.956761810758892,0.95920860736406,0.0407913926359401,1,1.31876542009011,1.05467795403357,0.264087466056541,16.253082193075,12.9983446737332,3.25473751934183,-0.518519782959105,-0.855065631796789,0.418664341368813,0.908141051415593,-0.112903611312956,-0.993605945308548,0.00319702734572608,0.996802972654274,-0.000750230740558659,-0.0400411618953815,0.493382524921856,0.493382524928915,0.470938707713089,0.47093870768798,0.00643579618780989,0.0287607607632618,OK
h_over_lambda,1,1.98,1.064e-06,0.55,5.852e-07,2.10672e-06,1.064e-06,0.523598775598299,30,0.00428578336852737,0.958188942518269,0.962474725886796,0.0375252741132048,1,1.31876542009011,1.05467795403357,0.264087466056541,16.4063740720309,13.1209393086881,3.28543476334276,-0.643001390167531,-0.765865009151497,0.526576684322753,0.850127634845296,-0.14334659386755,-0.989672548890072,0.00516372555496404,0.994836274445036,-0.000877942186436674,-0.0366473319267672,0.493382524921856,0.493382524928915,0.470938707713089,0.47093870768798,0.00643579618780989,0.0287607607632618,OK
h_over_lambda,1,1.9985,1.064e-06,0.55,5.852e-07,2.126404e-06,1.064e-06,0.523598775598299,30,0.00661727240514194,0.959339425819945,0.965956698225087,0.0340433017749126,1,1.31876542009011,1.05467795403357,0.264087466056541,16.5596659509867,13.243533943643,3.31613200734369,-0.752403057675682,-0.658702997412554,0.626584779362698,0.779353266671154,-0.173654508553615,-0.984806636685092,0.00759668165745409,0.992403318342546,-0.000979409252312146,-0.0330638925226007,0.493382524921856,0.493382524928915,0.470938707713089,0.47093870768798,0.00643579618780989,0.0287607607632618,OK
h_over_lambda,1,2.017,1.064e-06,0.55,5.852e-07,2.146088e-06,1.064e-06,0.523598775598299,30,0.00941772763217723,0.96000726472864,0.969424992360817,0.0305750076391829,1,1.31876542009011,1.05467795403357,0.264087466056541,16.7129578299426,13.366128578598,3.34682925134462,-0.844159051451938,-0.536092805260212,0.717187441950601,0.696880314765996,-0.203798797835698,-0.979012793583784,0.0104936032081082,0.989506396791892,-0.00107587557593095,-0.0294991320632519,0.493382524921856,0.493382524928915,0.470938707713089,0.47093870768798,0.00643579618780989,0.0287607607632618,OK
h_over_lambda,1,2.0355,1.064e-06,0.55,5.852e-07,2.165772e-06,1.064e-06,0.523598775598299,30,0.0126560005861042,0.959995526529978,0.972651527116082,0.0273484728839188,1,1.31876542009011,1.05467795403357,0.264087466056541,16.8662497088984,13.4887232135529,3.37752649534555,-0.916117471244686,-0.400909938614948,0.797024669017419,0.603946750117652,-0.233751058353857,-0.972296478816236,0.0138517605918818,0.986148239408118,-0.00119576000577768,-0.0261527128781399,0.493382524921856,0.493382524928915,0.470938707713089,0.47093870768798,0.00643579618780989,0.0287607607632618,OK
h_over_lambda,1,2.054,1.064e-06,0.55,5.852e-07,2.185456e-06,1.064e-06,0.523598775598299,30,0.0162951196642111,0.959130149809682,0.975425269473893,0.0245747305261071,1,1.31876542009011,1.05467795403357,0.264087466056541,17.0195415878543,13.6113178485078,3.40822373934648,-0.966590717854312,-0.256324763060237,0.86489805346636,0.501947564104162,-0.263483067686641,-0.964664020808508,0.0176679895957461,0.982332010404254,-0.00137286993153506,-0.0232018605945717,0.493382524921856,0.493382524928915,0.470938707713089,0.47093870768798,0.00643579618780989,0.0287607607632618,OK
h_over_lambda,1,2.0725,1.064e-06,0.55,5.852e-07,2.20514e-06,1.064e-06,0.523598775598299,30,0.0202953412831007,0.957271949203115,0.977567290486216,0.0224327095137845,1,1.31876542009011,1.05467795403357,0.264087466056541,17.1728334668101,13.7339124834627,3.43892098334741,-0.994395071421119,-0.105728151092263,0.919788773018689,0.392413828794011,-0.292966810943568,-0.956122611219688,0.0219386943901558,0.978061305609844,-0.00164335310705504,-0.0207893564067293,0.493382524921856,0.493382524928915,0.470938707713089,0.47093870768798,0.00643579618780989,0.0287607607632618,OK
h_over_lambda,1,2.091,1.064e-06,0.55,5.852e-07,2.224824e-06,1.064e-06,0.523598775598299,30,0.0246182122285701,0.954325769195367,0.978943981423938,0.0210560185760632,1,1.31876542009011,1.05467795403357,0.264087466056541,17.326125345766,13.8565071184176,3.46961822734834,-0.99887845252257,0.0473480420515496,0.960872883378288,0.276989714589359,-0.322174507162076,-0.946680298165581,0.0266598509172095,0.97334014908279,-0.0020416386886394,-0.0190143798874229,0.493382524921856,0.493382524928915,0.470938707713089,0.47093870768798,0.00643579618780989,0.0287607607632618,OK
h_over_lambda,1,2.1095,1.064e-06,0.55,5.852e-07,2.244508e-06,1.064e-06,0.523598775598299,30,0.0292311466924216,0.95024596219167,0.979477108884092,0.020522891115908,1,1.31876542009011,1.05467795403357,0.264087466056541,17.4794172247218,13.9791017533725,3.50031547134927,-0.97993571501482,0.199313808950592,0.987533686154823,0.157407810192088,-0.351078635484037,-0.93634597863539,0.031827010682305,0.968172989317695,-0.00259586398988335,-0.0179270271260249,0.493382524921856,0.493382524928915,0.470938707713089,0.47093870768798,0.00643579618780989,0.0287607607632618,OK
h_over_lambda,1,2.128,1.064e-06,0.55,5.852e-07,2.264192e-06,1.064e-06,0.523598775598299,30,0.0341118577773221,0.945037695453809,0.979149553231131,0.0208504467688687,1,1.31876542009011,1.05467795403357,0.264087466056541,17.6327091036776,14.1016963883274,3.5310127153502,-0.938011111964416,0.346605184368729,0.999370985895274,0.0354631153553622,-0.379651961087195,-0.925129390108566,0.0374353049457172,0.962564695054283,-0.00332344716839508,-0.0175269996004741,0.493382524921856,0.493382524928915,0.470938707713089,0.47093870768798,0.00643579618780989,0.0287607607632618,OK
h_over_lambda,1,2.1465,1.064e-06,0.55,5.852e-07,2.283876e-06,1.064e-06,0.523598775598299,30,0.0392519529556633,0.938753991884075,0.978005944839739,0.0219940551602623,1,1.31876542009011,1.05467795403357,0.264087466056541,17.7860009826335,14.2242910232824,3.56170995935113,-0.874087876838071,0.485767828869628,0.996207097269915,-0.0870139031939718,-0.407867560847109,-0.913041101379686,0.043479449310157,0.956520550689843,-0.00422749635449374,-0.0177665588057674,0.493382524921856,0.493382524928915,0.470938707713089,0.47093870768798,0.00643579618780989,0.0287607607632618,OK
h_over_lambda,1,2.165,1.064e-06,0.55,5.852e-07,2.30356e-06,1.064e-06,0.523598775598299,30,0.0446591188953994,0.9314888418646,0.976147960759999,0.0238520392400003,0.999999999999999,1.31876542009011,1.05467795403357,0.264087466056541,17.9392928615893,14.3468856582373,3.59240720335206,-0.78966516429687,0.613538041441602,0.978089512241097,-0.208184788214635,-0.435698848705356,-0.900092502600054,0.0499537486999732,0.950046251300027,-0.00529462980457385,-0.0185574094354269,0.493382524921856,0.493382524928915,0.470938707713089,0.47093870768798,0.00643579618780989,0.0287607607632618,OK
h_over_lambda,1,2.1835,1.064e-06,0.55,5.852e-07,2.323244e-06,1.064e-06,0.523598775598299,30,0.0503575505550398,0.92336714291643,0.97372469347147,0.0262753065285307,1,1.31876542009011,1.05467795403357,0.264087466056541,18.0925847405452,14.4694802931922,3.62310444735299,-0.686722891389084,0.726919301189765,0.945290187178964,-0.326230688352827,-0.46311960072017,-0.88629579454536,0.0568521027273202,0.94314789727268,-0.00649455217228041,-0.0197807543562498,0.493382524921856,0.493382524928915,0.470938707713089,0.47093870768798,0.00643579618780989,0.0287607607632618,OK
h_over_lambda,1,2.202,1.064e-06,0.55,5.852e-07,2.342928e-06,1.064e-06,0.523598775598299,30,0.0563865565096074,0.914532577524013,0.97091913403362,0.0290808659663801,1,1.31876542009011,1.05467795403357,0.264087466056541,18.245876619501,14.5920749281471,3.65380169135392,-0.567675303700801,0.823252543007432,0.898301460624932,-0.439379660247392,-0.490103979775873,-0.871663977119538,0.0641680114402308,0.935831988559769,-0.00778145493062336,-0.0212994110357568,0.493382524921856,0.493382524928915,0.470938707713089,0.47093870768798,0.00643579618780989,0.0287607607632618,OK
h_over_lambda,1,2.2205,1.064e-06,0.55,5.852e-07,2.362612e-06,1.064e-06,0.523598775598299,30,0.0627975237636232,0.905134769666103,0.967932293429726,0.032067706570275,1,1.31876542009011,1.05467795403357,0.264087466056541,18.3991684984569,14.714669563102,3.68449893535485,-0.435314355450545,0.900278519092107,0.837828662979873,-0.545933266516484,-0.516626559927806,-0.856210837105652,0.071894581447174,0.928105418552826,-0.00909705768355083,-0.0229706488867233,0.493382524921856,0.493382524928915,0.470938707713089,0.47093870768798,0.00643579618780989,0.0287607607632618,OK
h_over_lambda,1,2.239,1.064e-06,0.55,5.852e-07,2.382296e-06,1.064e-06,0.523598775598299,30,0.0696495975539504,0.895317121346972,0.964966718900923,0.0350332810990769,1,1.31876542009011,1.05467795403357,0.264087466056541,18.5524603774127,14.8372641980569,3.71519617935578,-0.292744231401866,0.956190783777448,0.764779529050275,-0.644292070373088,-0.542662350359843,-0.839950935175342,0.0800245324123292,0.919975467587671,-0.0103749348583788,-0.0246583462406983,0.493382524921856,0.493382524928915,0.470938707713089,0.47093870768798,0.00643579618780989,0.0287607607632618,OK
h_over_lambda,1,2.2575,1.064e-06,0.55,5.852e-07,2.40198e-06,1.064e-06,0.523598775598299,30,0.0770045078469246,0.88520660490387,0.962211112750795,0.0377888872492061,1,1.31876542009011,1.05467795403357,0.264087466056541,18.7057522563686,14.9598588330118,3.74589342335671,-0.14330854621342,0.9896780590587,0.680250572376647,-0.732979644179321,-0.568186818931922,-0.822899592169071,0.0885502039154644,0.911449796084536,-0.0115456960685398,-0.0262431911806655,0.493382524921856,0.493382524928915,0.470938707713089,0.47093870768798,0.00643579618780989,0.0287607607632618,OK
h_over_lambda,1,2.276,1.064e-06,0.55,5.852e-07,2.421664e-06,1.064e-06,0.523598775598299,30,0.0849209728910587,0.874906495396693,0.959827468287751,0.0401725317122472,0.999999999999999,1.31876542009011,1.05467795403357,0.264087466056541,18.8590441353244,15.0824534679668,3.77659066735764,0.00948807142163747,0.999954987237274,0.585510625874223,-0.810664731555762,-0.593175915295351,-0.805072874660128,0.0974635626699358,0.902536437330064,-0.0125425897788771,-0.0276299419333716,0.493382524921856,0.493382524928915,0.470938707713089,0.47093870768798,0.00643579618780989,0.0287607607632618,OK
h_over_lambda,1,2.2945,1.064e-06,0.55,5.852e-07,2.441348e-06,1.064e-06,0.523598775598299,30,0.0934490705118513,0.864492619735641,0.957941690247493,0.0420583097525074,1,1.31876542009011,1.05467795403357,0.264087466056541,19.0123360142802,15.2050481029217,3.80728791135856,0.162062170805412,0.986780549460637,0.481981795851178,-0.876181230378781,-0.617606093554192,-0.786487579815937,0.106756210092031,0.893243789907969,-0.0133071395801801,-0.0287511701723273,0.493382524921856,0.493382524928915,0.470938707713089,0.47093870768798,0.00643579618780989,0.0287607607632618,OK
h_over_lambda,1,2.313,1.064e-06,0.55,5.852e-07,2.461032e-06,1.064e-06,0.523598775598299,30,0.102624929623529,0.854013236756492,0.95663816638002,0.0433618336199802,1,1.31876542009011,1.05467795403357,0.264087466056541,19.1656278932361,15.3276427378766,3.83798515535949,0.310835519831863,0.950463718198046,0.371218115296646,-0.928545696708356,-0.641454334451303,-0.767161219570982,0.116419390214509,0.883580609785491,-0.0137944605909803,-0.0295673730289996,0.493382524921856,0.493382524928915,0.470938707713089,0.47093870768798,0.00643579618780989,0.0287607607632618,OK
h_over_lambda,1,2.3315,1.064e-06,0.55,5.852e-07,2.480716e-06,1.064e-06,0.523598775598299,30,0.112466081448095,0.843492201882569,0.955958283330664,0.0440417166693362,1,1.31876542009011,1.05467795403357,0.264087466056541,19.3189197721919,15.4502373728315,3.86868239936042,0.452319023194765,0.891856211087939,0.254882216866109,-0.966972106901444,-0.664698167058148,-0.747112004126248,0.126443997936876,0.873556002063124,-0.0139779164887812,-0.0300638001805545,0.493382524921856,0.493382524928915,0.470938707713089,0.47093870768798,0.00643579618780989,0.0287607607632618,OK
h_over_lambda,1,2.35,1.064e-06,0.55,5.852e-07,2.5004e-06,1.064e-06,0.523598775598299,30,0.122967822094404,0.832934657320292,0.955902479414697,0.0440975205853031,1,1.31876542009011,1.05467795403357,0.264087466056541,19.4722116511478,15.5728320077864,3.89937964336136,0.583194550121896,0.812332516096776,0.134720375717337,-0.990883656322264,-0.68731568994797,-0.726358824790713,0.136820587604643,0.863179412395357,-0.0138527655102389,-0.0302447550750643,0.493382524921856,0.493382524928915,0.470938707713089,0.47093870768798,0.00643579618780989,0.0287607607632618,OK
h_over_lambda,1,2.3685,1.064e-06,0.55,5.852e-07,2.520084e-06,1.064e-06,0.523598775598299,30,0.134100953568366,0.822334164005057,0.956435117573422,0.0435648824265781,1,1.31876542009011,1.05467795403357,0.264087466056541,19.6255035301036,15.6954266427413,3.93007688736228,0.700392752576872,0.713757656447756,0.0125362968196473,-0.999921417543424,-0.709285591832331,-0.704921236181079,0.147539381909461,0.852460618090539,-0.0134384283410948,-0.0301264540854828,0.493382524921856,0.493382524928915,0.470938707713089,0.47093870768798,0.00643579618780989,0.0287607607632618,OK
h_over_lambda,1,2.387,1.064e-06,0.55,5.852e-07,2.539768e-06,1.064e-06,0.523598775598299,30,0.145811255264381,0.811679996811304,0.957491252075686,0.0425087479243144,1,1.31876542009011,1.05467795403357,0.264087466056541,19.7787954090595,15.8180212776962,3.96077413136322,0.801165048903376,0.598443451309855,-0.109835959794483,-0.993949728072816,-0.730587171641614,-0.682819437796484,0.158590281101758,0.841409718898242,-0.0127790258373765,-0.0297297220869379,0.493382524921856,0.493382524928915,0.470938707713089,0.47093870768798,0.00643579618780989,0.0287607607632618,OK
h_over_lambda,1,2.4055,1.064e-06,0.55,5.852e-07,2.559452e-06,1.064e-06,0.523598775598299,30,0.158020961495402,0.80096330493143,0.958984266426832,0.0410157335731677,1,1.31876542009011,1.05467795403357,0.264087466056541,19.9320872880153,15.9406159126512,3.99147137536415,0.883148084720993,0.469094298040002,-0.230559509426446,-0.973058226733137,-0.751200358030529,-0.660074254985607,0.169962872507196,0.830037127492804,-0.0119419110117941,-0.0290738225613738,0.493382524921856,0.493382524928915,0.470938707713089,0.47093870768798,0.00643579618780989,0.0287607607632618,OK
h_over_lambda,1,2.424,1.064e-06,0.55,5.852e-07,2.579136e-06,1.064e-06,0.523598775598299,30,0.17063236854724,0.790181031058442,0.960813399605681,0.0391866003943197,1,1.31876542009011,1.05467795403357,0.264087466056541,20.0853791669712,16.0632105476061,4.02216861936508,0.944419159308579,0.328743747516019,-0.347822215508573,-0.937560508126653,-0.771105728290285,-0.636707119324033,0.181646440337983,0.818353559662017,-0.0110140717907438,-0.028172528603575,0.493382524921856,0.493382524928915,0.470938707713089,0.47093870768798,0.00643579618780989,0.0287607607632618,OK
h_over_lambda,1,2.4425,1.064e-06,0.55,5.852e-07,2.59882e-06,1.064e-06,0.523598775598299,30,0.183533478598873,0.779336891419598,0.962870370018471,0.0371296299815282,0.999999999999999,1.31876542009011,1.05467795403357,0.264087466056541,20.238671045927,16.185805182561,4.052865863366,0.98354131759219,0.180683360022498,-0.4598638909161,-0.887989415382585,-0.790284526649565,-0.612740048420432,0.193629975789784,0.806370024210216,-0.010096497190911,-0.0270331327906178,0.493382524921856,0.493382524928915,0.470938707713089,0.47093870768798,0.00643579618780989,0.0287607607632618,OK
h_over_lambda,1,2.461,1.064e-06,0.55,5.852e-07,2.618504e-06,1.064e-06,0.523598775598299,30,0.196605343436812,0.768439297023775,0.965044640460587,0.0349553595394142,1,1.31876542009011,1.05467795403357,0.264087466056541,20.3919629248828,16.3083998175159,4.08356310736693,0.999597050221331,0.0283855101911753,-0.565002719485343,-0.825089041845889,-0.808718681947102,-0.588195625170522,0.205902187414739,0.794097812585261,-0.00929684397792688,-0.0256585155614865,0.493382524921856,0.493382524928915,0.470938707713089,0.47093870768798,0.00643579618780989,0.0287607607632618,OK
h_over_lambda,1,2.4795,1.064e-06,0.55,5.852e-07,2.638188e-06,1.064e-06,0.523598775598299,30,0.209730546227822,0.75749673986385,0.967227286091673,0.0327727139083278,1,1.31876542009011,1.05467795403357,0.264087466056541,20.5452548038387,16.4309944524708,4.11426035136786,0.992209811385069,-0.124578048592862,-0.661660501134249,-0.749803561767197,-0.826390824659163,-0.563096976478428,0.218451511760786,0.781548488239214,-0.00872096553296361,-0.0240517483753637,0.493382524921856,0.493382524928915,0.470938707713089,0.47093870768798,0.00643579618780989,0.0287607607632618,OK
h_over_lambda,1,2.498,1.064e-06,0.55,5.852e-07,2.657872e-06,1.064e-06,0.523598775598299,30,0.222802096969495,0.746511731885507,0.969313828855002,0.0306861711449981,1,1.31876542009011,1.05467795403357,0.264087466056541,20.6985466827945,16.5535890874257,4.14495759536879,0.961552849723152,-0.274619950457512,-0.74838634164036,-0.66326305765221,-0.843284303265928,-0.537467751465424,0.231266124267288,0.768733875732712,-0.00846402729779308,-0.0222221438472051,0.493382524921856,0.493382524928915,0.470938707713089,0.47093870768798,0.00643579618780989,0.0287607607632618,OK
h_over_lambda,1,2.5165,1.064e-06,0.55,5.852e-07,2.677556e-06,1.064e-06,0.523598775598299,30,0.235731938405867,0.735474725622845,0.971206664028712,0.0287933359712884,1,1.31876542009011,1.05467795403357,0.264087466056541,20.8518385617504,16.6761837223806,4.17565483936972,0.908345145225863,-0.418221349460554,-0.823878431477504,-0.566766557011057,-0.859383199941336,-0.511332099186614,0.244333950406693,0.755666049593307,-0.00860201200082655,-0.0201913239704619,0.493382524921856,0.493382524928915,0.470938707713089,0.47093870768798,0.00643579618780989,0.0287607607632618,OK
h_over_lambda,1,2.535,1.064e-06,0.55,5.852e-07,2.69724e-06,1.064e-06,0.523598775598299,30,0.248458262342093,0.724359467734394,0.972817730076487,0.0271822699235128,0.999999999999999,1.31876542009011,1.05467795403357,0.264087466056541,21.0051304407062,16.7987783573356,4.20635208337065,0.833834547412159,-0.552014445048279,-0.887003586797282,-0.461762533136629,-0.874672345551608,-0.484714645876571,0.257642677061715,0.742357322938285,-0.0091844147196222,-0.0179978552038913,0.493382524921856,0.493382524928915,0.470938707713089,0.47093870768798,0.00643579618780989,0.0287607607632618,OK
h_over_lambda,1,2.5535,1.064e-06,0.55,5.852e-07,2.716924e-06,1.064e-06,0.523598775598299,30,0.260950906014253,0.713120927252632,0.974071833266885,0.0259281667331154,1,1.31876542009011,1.05467795403357,0.264087466056541,21.1584223196621,16.9213729922905,4.23704932737158,0.739768510236643,-0.672861465133989,-0.936814259232833,-0.349827162607533,-0.889137333948303,-0.457640471745346,0.271179764127327,0.728820235872673,-0.0102288581130739,-0.0156993086200409,0.493382524921856,0.493382524928915,0.470938707713089,0.47093870768798,0.00643579618780989,0.0287607607632618,OK
h_over_lambda,1,2.572,1.064e-06,0.55,5.852e-07,2.736608e-06,1.064e-06,0.523598775598299,30,0.273214221640709,0.701696377446213,0.974910599086922,0.0250894009130783,1,1.31876542009011,1.05467795403357,0.264087466056541,21.3117141986179,17.0439676272454,4.26774657137251,0.628353110062665,-0.777928254451898,-0.972562759197028,-0.232640665884244,-0.902764535542479,-0.430135087346722,0.284932456326639,0.715067543673361,-0.0117182346859304,-0.0133711662271477,0.493382524921856,0.493382524928915,0.470938707713089,0.47093870768798,0.00643579618780989,0.0287607607632618,OK
h_over_lambda,1,2.5905,1.064e-06,0.55,5.852e-07,2.756292e-06,1.064e-06,0.523598775598299,30,0.285286989724866,0.690009542167257,0.975296531892123,0.0247034681078762,0.999999999999999,1.31876542009011,1.05467795403357,0.264087466056541,21.4650060775737,17.1665622622003,4.29844381537344,0.502201307829345,-0.864750742361344,-0.993712479174411,-0.111962086141006,-0.915541110147118,-0.40222440954097,0.298887795229515,0.701112204770485,-0.013600805504649,-0.0111026626032279,0.493382524921856,0.493382524928915,0.470938707713089,0.47093870768798,0.00643579618780989,0.0287607607632618,OK
h_over_lambda,1,2.609,1.064e-06,0.55,5.852e-07,2.775976e-06,1.064e-06,0.523598775598299,30,0.297239187862602,0.677977119158896,0.975216307021498,0.0247836929785017,1,1.31876542009011,1.05467795403357,0.264087466056541,21.6182979565296,17.2891568971552,4.32914105937437,0.364271668789957,-0.931292731270346,-0.999945948538217,0.0103971150808803,-0.927455019075759,-0.373934737074778,0.313032631462611,0.686967368537389,-0.0157934436000087,-0.00899024937849291,0.493382524921856,0.493382524928915,0.470938707713089,0.47093870768798,0.00643579618780989,0.0287607607632618,OK
h_over_lambda,1,2.6275,1.064e-06,0.55,5.852e-07,2.79566e-06,1.064e-06,0.523598775598299,30,0.309165735025027,0.665516612125582,0.974682347150609,0.0253176528493913,1,1.31876542009011,1.05467795403357,0.264087466056541,21.7715898354854,17.4117515321101,4.3598383033753,0.217798976992253,-0.975993650400006,-0.991169598984564,0.132600249052476,-0.938495036485907,-0.345292725801335,0.327353637099333,0.672646362900667,-0.0181879020743056,-0.00712975077508504,0.493382524921856,0.493382524928915,0.470938707713089,0.47093870768798,0.00643579618780989,0.0287607607632618,OK
h_over_lambda,1,2.646,1.064e-06,0.55,5.852e-07,2.815344e-06,1.064e-06,0.523598775598299,30,0.321177685801552,0.652554315909449,0.973732001711001,0.0262679982889995,1,1.31876542009011,1.05467795403357,0.264087466056541,21.9248817144413,17.534346167065,4.39053554737623,0.0662183717591337,-0.997805154948384,-0.967515169051668,0.252812969712638,-0.948650759956549,-0.316325363563944,0.341837318218028,0.658162681781972,-0.0206596324164763,-0.00560836587252256,0.493382524921856,0.493382524928915,0.470938707713089,0.47093870768798,0.00643579618780989,0.0287607607632618,OK
h_over_lambda,1,2.6645,1.064e-06,0.55,5.852e-07,2.835028e-06,1.064e-06,0.523598775598299,30,0.333391699127682,0.639032484891461,0.972424184019143,0.0275758159808567,1,1.31876542009011,1.05467795403357,0.264087466056541,22.0781735933971,17.65694080202,4.42123279137716,-0.0869152146470369,-0.996215712314788,-0.929337726641357,0.369230808358504,-0.957912620289803,-0.287059944766809,0.356470027616596,0.643529972383405,-0.0230783284889132,-0.00449748749194345,0.493382524921856,0.493382524928915,0.470938707713089,0.47093870768798,0.00643579618780989,0.0287607607632618,OK
h_over_lambda,1,2.683,1.064e-06,0.55,5.852e-07,2.854712e-06,1.064e-06,0.523598775598299,30,0.345918882186378,0.624915069011165,0.970833951197544,0.0291660488024562,1,1.31876542009011,1.05467795403357,0.264087466056541,22.231465472353,17.7795354369749,4.45193003537809,-0.238010428794677,-0.97126259877799,-0.877210339226079,0.480106259858032,-0.966271890527462,-0.25752404465697,0.371237977671515,0.628762022328485,-0.0253190954851367,-0.00384695331731966,0.493382524921856,0.493382524928915,0.470938707713089,0.47093870768798,0.00643579618780989,0.0287607607632618,OK
h_over_lambda,1,2.7015,1.064e-06,0.55,5.852e-07,2.874396e-06,1.064e-06,0.523598775598299,30,0.358854247545849,0.610191777691405,0.969046025237254,0.0309539747627479,1,1.31876542009011,1.05467795403357,0.264087466056541,22.3847573513088,17.9021300719298,4.48262727937902,-0.383523722017814,-0.923531025277225,-0.811915471744947,0.583775013803418,-0.97372069417394,-0.227745493341625,0.386127253329187,0.613872746670813,-0.0272730057833389,-0.00368096897940751,0.493382524921856,0.493382524928915,0.470938707713089,0.47093870768798,0.00643579618780989,0.0287607607632618,OK
h_over_lambda,1,2.72,1.064e-06,0.55,5.852e-07,2.89408e-06,1.064e-06,0.523598775598299,30,0.372267981610769,0.594880498652593,0.967148480263362,0.0328515197366382,1,1.31876542009011,1.05467795403357,0.264087466056541,22.5380492302647,18.0247247068847,4.51332452337995,-0.52004245521341,-0.854140412798509,-0.734433241311856,0.678680936859258,-0.980252012617883,-0.197752349565285,0.401123825217357,0.598876174782643,-0.0288558436065881,-0.00399567613004981,0.493382524921856,0.493382524928915,0.470938707713089,0.47093870768798,0.00643579618780989,0.0287607607632618,OK
h_over_lambda,1,2.7385,1.064e-06,0.55,5.852e-07,2.913764e-06,1.064e-06,0.523598775598299,30,0.386199502854237,0.579028190464899,0.965227693319136,0.0347723066808638,1,1.31876542009011,1.05467795403357,0.264087466056541,22.6913411092205,18.1473193418396,4.54402176738088,-0.644364933492418,-0.764718139241715,-0.645926705039867,0.763399431304701,-0.985859691745423,-0.167572874271524,0.416213562864238,0.583786437135762,-0.0300140600100005,-0.00475824667086355,0.493382524921856,0.493382524928915,0.470938707713089,0.47093870768798,0.00643579618780989,0.0287607607632618,OK
h_over_lambda,1,2.757,1.064e-06,0.55,5.852e-07,2.933448e-06,1.064e-06,0.523598775598299,30,0.400654919786437,0.562710303482762,0.963365223269198,0.0366347767308013,1,1.31876542009011,1.05467795403357,0.264087466056541,22.8446329881763,18.2699139767945,4.57471901138181,-0.753575493678207,-0.657361373467933,-0.547724401820904,0.836658819143104,-0.990538447738881,-0.137235503974182,0.431382248012909,0.568617751987091,-0.0307273282264723,-0.00590744850432923,0.493382524921856,0.493382524928915,0.470938707713089,0.47093870768798,0.00643579618780989,0.0287607607632618,OK
h_over_lambda,1,2.7755,1.064e-06,0.55,5.852e-07,2.953132e-06,1.064e-06,0.523598775598299,30,0.415608035104912,0.5460286497432,0.961636684848112,0.038363315151888,1,1.31876542009011,1.05467795403357,0.264087466056541,22.9979248671322,18.3925086117494,4.60541625538274,-0.845112883668654,-0.534587891611148,-0.441300410119651,0.897359430790264,-0.994283872055422,-0.106768823963169,0.446615588018416,0.553384411981585,-0.0310075529135034,-0.00735576223838419,0.493382524921856,0.493382524928915,0.470938707713089,0.47093870768798,0.00643579618780989,0.0287607607632618,OK
h_over_lambda,1,2.794,1.064e-06,0.55,5.852e-07,2.972816e-06,1.064e-06,0.523598775598299,30,0.431004552313442,0.529107548949909,0.96011210126335,0.039887898736649,0.999999999999999,1.31876542009011,1.05467795403357,0.264087466056541,23.151216746088,18.5151032467044,4.63611349938367,-0.916830330000302,-0.399277029130825,-0.328252221126756,0.944590111807948,-0.997092435580988,-0.0762015413700554,0.461899229314972,0.538100770685028,-0.0308946770015305,-0.00899322173511896,0.493382524921856,0.493382524928915,0.470938707713089,0.47093870768798,0.00643579618780989,0.0287607607632618,OK
h_over_lambda,1,2.8125,1.064e-06,0.55,5.852e-07,2.9925e-06,1.064e-06,0.523598775598299,30,0.446768701078445,0.51208811009221,0.958856811170654,0.0411431888293453,1,1.31876542009011,1.05467795403357,0.264087466056541,23.3045086250439,18.6376978816593,4.6668107433846,-0.967045884884737,-0.25460215342274,-0.210276759409201,0.977641899906282,-0.998961491955604,-0.0455624581188728,0.477218770940564,0.522781229059436,-0.030450069862119,-0.0106931189672267,0.493382524921856,0.493382524928915,0.470938707713089,0.47093870768798,0.00643579618780989,0.0287607607632618,OK
h_over_lambda,1,2.831,1.064e-06,0.55,5.852e-07,3.012184e-06,1.064e-06,0.523598775598299,30,0.462811185104959,0.495120691534137,0.957931876639096,0.0420681233609045,1,1.31876542009011,1.05467795403357,0.264087466056541,23.4578005039997,18.7602925166142,4.69750798738553,-0.994581871957254,-0.103956240668876,-0.0891449110030485,0.996018666914561,-0.99988928006689,-0.0148804437875879,0.492559778106206,0.507440221893794,-0.0297485930012468,-0.0123195303596572,0.493382524921856,0.493382524928915,0.470938707713089,0.47093870768798,0.00643579618780989,0.0287607607632618,OK
h_over_lambda,1,2.8495,1.064e-06,0.55,5.852e-07,3.031868e-06,1.064e-06,0.523598775598299,30,0.479037234956671,0.478355873619408,0.957393108576079,0.0426068914239214,1,1.31876542009011,1.05467795403357,0.264087466056541,23.6110923829556,18.8828871515691,4.72820523138646,-0.998792505639482,0.0491276976705064,0.0333250587020847,0.999444565977775,-0.999874925709474,0.0158155915941485,0.507907795797074,0.492092204202926,-0.0288705608404038,-0.0137363305835178,0.493382524921856,0.493382524928915,0.470938707713089,0.47093870768798,0.00643579618780989,0.0287607607632618,OK
h_over_lambda,1,2.868,1.064e-06,0.55,5.852e-07,3.051552e-06,1.064e-06,0.523598775598299,30,0.495353648356121,0.461934587440982,0.957288235797103,0.0427117642028965,1,1.31876542009011,1.05467795403357,0.264087466056541,23.7643842619114,19.005481786524,4.75890247538739,-0.979579036375048,0.201059472531219,0.155294798272516,0.987868172191765,-0.998918442408703,0.0464967247854069,0.523248362392704,0.476751637607296,-0.0278947140365826,-0.014817050166314,0.493382524921856,0.493382524928915,0.470938707713089,0.47093870768798,0.00643579618780989,0.0287607607632618,OK
h_over_lambda,1,2.8865,1.064e-06,0.55,5.852e-07,3.071236e-06,1.064e-06,0.523598775598299,30,0.511674003430099,0.445978274663296,0.957652278093396,0.0423477219066038,1,1.31876542009011,1.05467795403357,0.264087466056541,23.9176761408673,19.1280764214789,4.78959971938832,-0.9373920665458,0.348275915872738,0.274933465044157,0.961463254523444,-0.997020731407901,0.0771340465867953,0.538567023293398,0.461432976706602,-0.0268930198632984,-0.0154547020433059,0.493382524921856,0.493382524928915,0.470938707713089,0.47093870768798,0.00643579618780989,0.0287607607632618,OK
h_over_lambda,1,2.905,1.064e-06,0.55,5.852e-07,3.09092e-06,1.064e-06,0.523598775598299,30,0.527921666916853,0.430580041077004,0.958501707993857,0.041498292006143,1,1.31876542009011,1.05467795403357,0.264087466056541,24.0709680198231,19.2506710564338,4.82029696338925,-0.873220982754769,0.487324445597381,0.390445207224833,0.92062616742908,-0.994183580819175,0.10769868908006,0.55384934454003,0.44615065545997,-0.0259276776231763,-0.0155706143829661,0.493382524921856,0.493382524928915,0.470938707713089,0.47093870768798,0.00643579618780989,0.0287607607632618,OK
h_over_lambda,1,2.9235,1.064e-06,0.55,5.852e-07,3.110604e-06,1.064e-06,0.523598775598299,30,0.54403068658251,0.415797698425511,0.959828385008021,0.0401716149919785,1,1.31876542009011,1.05467795403357,0.264087466056541,24.2242598987789,19.3732656913888,4.85099420739018,-0.788570752314414,0.614944036961315,0.500096120761519,0.865969901324105,-0.99040966393857,0.138161852828806,0.569080926414403,0.430919073585597,-0.0250502398318928,-0.015121375160086,0.493382524921856,0.493382524928915,0.470938707713089,0.47093870768798,0.00643579618780989,0.0287607607632618,OK
h_over_lambda,1,2.942,1.064e-06,0.55,5.852e-07,3.130288e-06,1.064e-06,0.523598775598299,30,0.559945047707557,0.401649400362702,0.96159444807026,0.0384055519297401,1,1.31876542009011,1.05467795403357,0.264087466056541,24.3775517777348,19.4958603263437,4.88169145139111,-0.685426628118707,0.72814170150172,0.602240276333009,0.798314881210629,-0.985702536727171,0.168494834014638,0.584247417007319,0.415752582992681,-0.0243023692997617,-0.0141031826299783,0.493382524921856,0.493382524928915,0.470938707713089,0.47093870768798,0.00643579618780989,0.0287607607632618,OK
h_over_lambda,1,2.9605,1.064e-06,0.55,5.852e-07,3.149972e-06,1.064e-06,0.523598775598299,30,0.575617005746774,0.388112327697927,0.963729333444701,0.0362706665552987,1,1.31876542009011,1.05467795403357,0.264087466056541,24.5308436566906,19.6184549612986,4.91238869539204,-0.566207589655239,0.824262679864134,0.695344425786395,0.718676651581077,-0.980066634460501,0.198669051483281,0.599334525741641,0.400665474258359,-0.0237175199948665,-0.0125531465604324,0.493382524921856,0.493382524928915,0.470938707713089,0.47093870768798,0.00643579618780989,0.0287607607632618,OK
h_over_lambda,1,2.979,1.064e-06,0.55,5.852e-07,3.169656e-06,1.064e-06,0.523598775598299,30,0.591005244459528,0.375124617018747,0.966129861478275,0.0338701385217257,1,1.31876542009011,1.05467795403357,0.264087466056541,24.6841355356465,19.7410495962535,4.94308593939297,-0.433709612078412,0.901052702338101,0.77801101715819,0.628250632455296,-0.973507267549404,0.228656073675056,0.614328036837528,0.385671963162472,-0.0233227923779996,-0.0105473461437253,0.493382524921856,0.493382524928915,0.470938707713089,0.47093870768798,0.00643579618780989,0.0287607607632618,OK
h_over_lambda,1,2.9975,1.064e-06,0.55,5.852e-07,3.18934e-06,1.064e-06,0.523598775598299,30,0.606073464399643,0.36259048027794,0.968663944677583,0.031336055322418,1,1.31876542009011,1.05467795403357,0.264087466056541,24.8374274146023,19.8636442312084,4.9737831833939,-0.291040093821293,0.956710856940848,0.84899917281013,0.528394175372624,-0.966030616536324,0.258427645414435,0.629213822707218,0.370786177292782,-0.0231403583075749,-0.00819569701484196,0.493382524921856,0.493382524928915,0.470938707713089,0.47093870768798,0.00643579618780989,0.0287607607632618,OK
h_over_lambda,1,3.016,1.064e-06,0.55,5.852e-07,3.209024e-06,1.064e-06,0.523598775598299,30,0.620789737150757,0.350388227640416,0.971177964791173,0.0288220352088265,1,1.31876542009011,1.05467795403357,0.264087466056541,24.9907192935582,19.9862388661633,5.00448042739483,-0.141544980577445,0.989931825164405,0.907243315784603,0.4206061886898,-0.95764372627171,0.287955714533389,0.643977857266695,0.356022142733306,-0.0231881201159376,-0.0056339150928893,0.493382524921856,0.493382524928915,0.470938707713089,0.47093870768798,0.00643579618780989,0.0287607607632618,OK
h_over_lambda,1,3.0345,1.064e-06,0.55,5.852e-07,3.228708e-06,1.064e-06,0.523598775598299,30,0.635126650861483,0.338380665433439,0.973507316294922,0.026492683705078,1,1.31876542009011,1.05467795403357,0.264087466056541,25.144011172514,20.1088335011182,5.03517767139576,0.0112697052281803,0.999936494855583,0.951869164786377,0.306504638021816,-0.948354499276026,0.317212458303451,0.658606229151725,0.341393770848275,-0.0234795782902422,-0.00301310541483579,0.493382524921856,0.493382524928915,0.470938707713089,0.47093870768798,0.00643579618780989,0.0287607607632618,OK
h_over_lambda,1,3.053,1.064e-06,0.55,5.852e-07,3.248392e-06,1.064e-06,0.523598775598299,30,0.649062015449297,0.326427088766091,0.975489104215388,0.0245108957846124,1,1.31876542009011,1.05467795403357,0.264087466056541,25.2973030514698,20.2314281360732,5.06587491539669,0.163820089155331,0.986490232282682,0.982206857695871,0.187802259558299,-0.93817168829363,0.346170309651594,0.673085154825797,0.326914845174203,-0.0240231393765002,-0.000487756408111384,0.493382524921856,0.493382524928915,0.470938707713089,0.47093870768798,0.00643579618780989,0.0287607607632618,OK
h_over_lambda,1,3.0715,1.064e-06,0.55,5.852e-07,3.268076e-06,1.064e-06,0.523598775598299,30,0.662579767982086,0.314395845220969,0.976975613203055,0.0230243867969452,1,1.31876542009011,1.05467795403357,0.264087466056541,25.4505949304257,20.3540227710281,5.09657215939762,0.312528495282856,0.949908384864685,0.99780100662176,0.0662808508138085,-0.927104888045525,0.37480198313522,0.68740099156761,0.31259900843239,-0.0248212235855243,0.00179683678857917,0.493382524921856,0.493382524928915,0.470938707713089,0.47093870768798,0.00643579618780989,0.0287607607632618,OK
h_over_lambda,1,3.09,1.064e-06,0.55,5.852e-07,3.28776e-06,1.064e-06,0.523598775598299,30,0.675670754776869,0.30217626349894,0.977847018275809,0.022152981724192,1,1.31876542009011,1.05467795403357,0.264087466056541,25.6038868093815,20.476617405983,5.12726940339855,0.453907351372768,0.891048885510643,0.998417533560235,-0.0562354752758227,-0.915164526188769,0.403080500651775,0.701540250325888,0.298459749674112,-0.0258694955490187,0.00371651382482741,0.493382524921856,0.493382524928915,0.470938707713089,0.47093870768798,0.00643579618780989,0.0287607607632618,OK
h_over_lambda,1,3.1085,1.064e-06,0.55,5.852e-07,3.307444e-06,1.064e-06,0.523598775598299,30,0.688333240850257,0.289688685963492,0.978021926813748,0.0219780731862505,0.999999999999999,1.31876542009011,1.05467795403357,0.264087466056541,25.7571786883374,20.5992120409379,5.15796664739948,0.584640980884825,0.811292132015361,0.984047184053374,-0.177907671438377,-0.902361853491042,0.430979216858785,0.715489608429392,0.284510391570608,-0.0271563675791356,0.00517829439288403,0.493382524921856,0.493382524928915,0.470938707713089,0.47093870768798,0.00643579618780989,0.0287607607632618,OK
h_over_lambda,1,3.127,1.064e-06,0.55,5.852e-07,3.327128e-06,1.064e-06,0.523598775598299,30,0.700573224983444,0.276891471485715,0.97746469646916,0.0225353035308409,1,1.31876542009011,1.05467795403357,0.264087466056541,25.9104705672932,20.7218066758928,5.18866389140041,0.701663363620633,0.712508613388343,0.954905666104391,-0.29690936132384,-0.88870893322965,0.458471844280341,0.72923592214017,0.27076407785983,-0.0286626971567262,0.00612739362588566,0.493382524921856,0.493382524928915,0.470938707713089,0.47093870768798,0.00643579618780989,0.0287607607632618,OK
h_over_lambda,1,3.1455,1.064e-06,0.55,5.852e-07,3.346812e-06,1.064e-06,0.523598775598299,30,0.712404805647096,0.263784160171699,0.976188965818796,0.0238110341812055,1,1.31876542009011,1.05467795403357,0.264087466056541,26.0637624462491,20.8444013108477,5.21936113540134,0.802230041322068,0.597015042356885,0.911430412264546,-0.411454254564563,-0.874218629824941,0.485532478076393,0.742766239038197,0.257233760961803,-0.0303614333911005,0.00655039920989614,0.493382524921856,0.493382524928915,0.470938707713089,0.47093870768798,0.00643579618780989,0.0287607607632618,OK
h_over_lambda,1,3.164,1.064e-06,0.55,5.852e-07,3.366496e-06,1.064e-06,0.523598775598299,30,0.723850855024379,0.250406476466932,0.974257331491311,0.0257426685086883,0.999999999999999,1.31876542009011,1.05467795403357,0.264087466056541,26.2170543252049,20.9669959458026,5.25005837940227,0.883982481863398,0.467520022842473,0.854274013494863,-0.519822960119481,-0.858904596718846,0.512135620451493,0.756067810225747,0.243932189774253,-0.0322169552013678,0.00647428669267869,0.493382524921856,0.493382524928915,0.470938707713089,0.47093870768798,0.00643579618780989,0.0287607607632618,OK
h_over_lambda,1,3.1825,1.064e-06,0.55,5.852e-07,3.38618e-06,1.064e-06,0.523598775598299,30,0.734944088301126,0.236833406628239,0.971777494929365,0.0282225050706344,1,1.31876542009011,1.05467795403357,0.264087466056541,26.3703462041608,21.0895905807576,5.2807556234032,0.945003392541119,0.327060526639606,0.784294423364492,-0.620388795417324,-0.842781263509966,0.538256204680025,0.769128102340012,0.230871897659988,-0.034184014038886,0.0059615089682514,0.493382524921856,0.493382524928915,0.470938707713089,0.47093870768798,0.00643579618780989,0.0287607607632618,OK
h_over_lambda,1,3.201,1.064e-06,0.55,5.852e-07,3.405864e-06,1.064e-06,0.523598775598299,30,0.745728322113043,0.223167111475497,0.968895433588541,0.0311045664114597,1,1.31876542009011,1.05467795403357,0.264087466056541,26.5236380831166,21.2121852157125,5.31145286740412,0.983861685230775,0.178930669072856,0.702542079626906,-0.71164220388725,-0.82586382235733,0.563869618725233,0.781934809362617,0.218065190637383,-0.0362064872495733,0.005101920838114,0.493382524921856,0.493382524928915,0.470938707713089,0.47093870768798,0.00643579618780989,0.0287607607632618,OK
h_over_lambda,1,3.2195,1.064e-06,0.55,5.852e-07,3.425548e-06,1.064e-06,0.523598775598299,30,0.756259420707764,0.209526822819687,0.965786243527451,0.034213756472549,1,1.31876542009011,1.05467795403357,0.264087466056541,26.6769299620724,21.3347798506674,5.34215011140505,0.99964603886903,0.0266044540154208,0.610244136487161,-0.792213414354389,-0.808168213665627,0.588951728429852,0.794475864214926,0.205524135785074,-0.0382164435071616,0.00400268703461273,0.493382524921856,0.493382524928915,0.470938707713089,0.47093870768798,0.00643579618780989,0.0287607607632618,OK
h_over_lambda,1,3.238,1.064e-06,0.55,5.852e-07,3.445232e-06,1.064e-06,0.523598775598299,30,0.766605259072547,0.19603805227774,0.962643311350287,0.0373566886497139,1,1.31876542009011,1.05467795403357,0.264087466056541,26.8302218410283,21.4573744856223,5.37284735540598,0.991986272139461,-0.126345699914381,0.508786044243854,-0.860893002168499,-0.789711111065419,0.613478900256416,0.806739450128208,0.193260549871792,-0.0401341910556611,0.00277750240594771,0.493382524921856,0.493382524928915,0.470938707713089,0.47093870768798,0.00643579618780989,0.0287607607632618,OK
h_over_lambda,1,3.2565,1.064e-06,0.55,5.852e-07,3.464916e-06,1.064e-06,0.523598775598299,30,0.776844066205849,0.182822393801546,0.959666460007395,0.0403335399926056,1,1.31876542009011,1.05467795403357,0.264087466056541,26.9835137199841,21.5799691205772,5.40354459940692,0.961062025120871,-0.276332741220742,0.399690752806935,-0.916650043430221,-0.77050990570246,0.637428023555904,0.818714011777952,0.181285988222048,-0.0418699455721024,0.00153640557949766,0.493382524921856,0.493382524928915,0.470938707713089,0.47093870768798,0.00643579618780989,0.0287607607632618,OK
h_over_lambda,1,3.275,1.064e-06,0.55,5.852e-07,3.4846e-06,1.064e-06,0.523598775598299,30,0.78706074512359,0.16998895697917,0.95704970210276,0.0429502978972397,1,1.31876542009011,1.05467795403357,0.264087466056541,27.13680559894,21.7025637555321,5.43424184340784,0.907598546292425,-0.419839110574369,0.284595851259708,-0.958647589808561,-0.750582689850955,0.660776532343655,0.830388266171827,0.169611733828173,-0.0433275210482373,0.000377223150997252,0.493382524921856,0.493382524928915,0.470938707713089,0.47093870768798,0.00643579618780989,0.0287607607632618,OK
h_over_lambda,1,3.2935,1.064e-06,0.55,5.852e-07,3.504284e-06,1.064e-06,0.523598775598299,30,0.797341124725797,0.157628097626011,0.954969222351809,0.0450307776481917,1,1.31876542009011,1.05467795403357,0.264087466056541,27.2900974778958,21.8251583904871,5.46493908740878,0.832849683700521,-0.553499236096981,0.165228986614556,-0.986255231662842,-0.729948239866148,0.683502426562125,0.841751213281063,0.158248786718937,-0.0444100885552653,-0.000620689092926091,0.493382524921856,0.493382524928915,0.470938707713089,0.47093870768798,0.00643579618780989,0.0287607607632618,OK
h_over_lambda,1,3.312,1.064e-06,0.55,5.852e-07,3.523968e-06,1.064e-06,0.523598775598299,30,0.807764477670404,0.145807704269631,0.953572181940035,0.0464278180599649,1,1.31876542009011,1.05467795403357,0.264087466056541,27.4433893568517,21.947753025442,5.49563633140971,0.738568479185809,-0.674178464171885,0.0433819307424525,-0.999058560888728,-0.708625998492393,0.705584292810333,0.852792146405167,0.147207853594833,-0.0450276687347623,-0.00140014932520244,0.493382524921856,0.493382524928915,0.470938707713089,0.47093870768798,0.00643579618780989,0.0287607607632618,OK
h_over_lambda,1,3.3305,1.064e-06,0.55,5.852e-07,3.543652e-06,1.064e-06,0.523598775598299,30,0.818394948815223,0.134571936372539,0.952966885187762,0.0470331148122393,1,1.31876542009011,1.05467795403357,0.264087466056541,27.5966812358075,22.0703476603969,5.52633357541064,0.626966055306782,-0.779046574662294,-0.0791163152521731,-0.996865391445063,-0.68663605654327,0.7270013245206,0.8635006622603,0.1364993377397,-0.0451057134450769,-0.00192740136716099,0.493382524921856,0.493382524928915,0.470938707713089,0.47093870768798,0.00643579618780989,0.0287607607632618,OK
h_over_lambda,1,3.349,1.064e-06,0.55,5.852e-07,3.563336e-06,1.064e-06,0.523598775598299,30,0.829272735671466,0.123942048989523,0.953214784660989,0.0467852153390117,1,1.31876542009011,1.05467795403357,0.264087466056541,27.7499731147634,22.1929422953518,5.55703081941156,0.500659759161352,-0.865644156427164,-0.200426975490697,-0.97970864418747,-0.663999133971086,0.747733341563453,0.873866670781727,0.126133329218274,-0.0445939351102609,-0.00219128022875024,0.493382524921856,0.493382524928915,0.470938707713089,0.47093870768798,0.00643579618780989,0.0287607607632618,OK
h_over_lambda,1,3.3675,1.064e-06,0.55,5.852e-07,3.58302e-06,1.064e-06,0.523598775598299,30,0.840405947082324,0.113918800472679,0.954324747555003,0.0456752524449977,1,1.31876542009011,1.05467795403357,0.264087466056541,27.9032649937192,22.3155369303067,5.58772806341249,0.362611779259153,-0.931940286468243,-0.318729100505205,-0.947845852705567,-0.640736560343561,0.7677608092623,0.88388040463115,0.11611959536885,-0.0434744575488263,-0.00220079489617069,0.493382524921856,0.493382524928915,0.470938707713089,0.47093870768798,0.00643579618780989,0.0287607607632618,OK
h_over_lambda,1,3.386,1.064e-06,0.55,5.852e-07,3.602704e-06,1.064e-06,0.523598775598299,30,0.851764067920788,0.104485914090574,0.956249982011362,0.0437500179886373,0.999999999999999,1.31876542009011,1.05467795403357,0.264087466056541,28.056556872675,22.4381315652616,5.61842530741342,0.216059675027746,-0.976380159992461,-0.43224690083766,-0.901755297581466,-0.61687025474612,0.787064856799906,0.893532428399953,0.106467571600047,-0.0417683604791655,-0.00198165750947267,0.493382524921856,0.493382524928915,0.470938707713089,0.47093870768798,0.00643579618780989,0.0287607607632618,OK
h_over_lambda,1,3.4045,1.064e-06,0.55,5.852e-07,3.622388e-06,1.064e-06,0.523598775598299,30,0.863273905943904,0.095614119059966,0.95888802500387,0.0411119749961305,1,1.31876542009011,1.05467795403357,0.264087466056541,28.2098487516309,22.5607262002165,5.64912255141435,0.0644404482039128,-0.997921554349478,-0.539276402758897,-0.842128827096795,-0.592422705128707,0.805627294999359,0.90281364749968,0.0971863525003202,-0.0395397415557757,-0.00157223344035423,0.493382524921856,0.493382524928915,0.470938707713089,0.47093870768798,0.00643579618780989,0.0287607607632618,OK
h_over_lambda,1,3.423,1.064e-06,0.55,5.852e-07,3.642072e-06,1.064e-06,0.523598775598299,30,0.874818801974543,0.0872653917876109,0.962084193762154,0.0379158062378463,1,1.31876542009011,1.05467795403357,0.264087466056541,28.3631406305867,22.6833208351714,5.67981979541528,-0.0886900631801619,-0.99605927167669,-0.638211025988239,-0.769861472153945,-0.567416947116573,0.823430633462776,0.911715316731388,0.0882846832686119,-0.0368965147568451,-0.00101929148100106,0.493382524921856,0.493382524928915,0.470938707713089,0.47093870768798,0.00643579618780989,0.0287607607632618,OK
h_over_lambda,1,3.4415,1.064e-06,0.55,5.852e-07,3.661756e-06,1.064e-06,0.523598775598299,30,0.886241728549477,0.0793971180120352,0.965638846561513,0.0343611534384871,1,1.31876542009011,1.05467795403357,0.264087466056541,28.5164325095426,22.8059154701264,5.71051703941621,-0.239740577809611,-0.970836987012503,-0.727565699476086,-0.686038011298116,-0.54187654230504,0.840458097051563,0.920229048525781,0.0797709514742187,-0.0339873199763039,-0.000373833462183504,0.493382524921856,0.493382524928915,0.470938707713089,0.47093870768798,0.00643579618780989,0.0287607607632618,OK
h_over_lambda,1,3.46,1.064e-06,0.55,5.852e-07,3.68144e-06,1.064e-06,0.523598775598299,30,0.897352647578088,0.0719659758051457,0.969318623383233,0.030681376616766,0.999999999999999,1.31876542009011,1.05467795403357,0.264087466056541,28.6697243884984,22.9285101050813,5.74121428341714,-0.385168595330397,-0.922846224010918,-0.805999153256347,-0.591916687507669,-0.515825556058667,0.856693641692739,0.92834682084637,0.0716531791536304,-0.030994173268282,0.00031279665151529,0.493382524921856,0.493382524928915,0.470938707713089,0.47093870768798,0.00643579618780989,0.0287607607632618,OK
h_over_lambda,1,3.4785,1.064e-06,0.55,5.852e-07,3.701124e-06,1.064e-06,0.523598775598299,30,0.907940108423227,0.0649313868399582,0.972871495263185,0.0271285047368148,1,1.31876542009011,1.05467795403357,0.264087466056541,28.8230162674543,23.0511047400362,5.77191152741808,-0.521563476561222,-0.853212482279398,-0.87233405175401,-0.488910321173968,-0.489288534835725,0.872121969496417,0.936060984748209,0.0639390152517913,-0.0281208763249818,0.000992371588166827,0.493382524921856,0.493382524928915,0.470938707713089,0.47093870768798,0.00643579618780989,0.0287607607632618,OK
h_over_lambda,1,3.497,1.064e-06,0.55,5.852e-07,3.720808e-06,1.064e-06,0.523598775598299,30,0.917786538072226,0.0582584018280186,0.976044939900244,0.0239550600997561,1,1.31876542009011,1.05467795403357,0.264087466056541,28.9763081464101,23.1736993749911,5.802608771419,-0.64572643124152,-0.763568841687565,-0.925574666334122,-0.378565102776892,-0.462290483059399,0.886728543170179,0.943364271585089,0.0566357284149107,-0.0255777335128634,0.00162267341310793,0.493382524921856,0.493382524928915,0.470938707713089,0.47093870768798,0.00643579618780989,0.0287607607632618,OK
h_over_lambda,1,3.5155,1.064e-06,0.55,5.852e-07,3.740492e-06,1.064e-06,0.523598775598299,30,0.926686053875405,0.0519198900918329,0.978605943967238,0.0213940560327629,1,1.31876542009011,1.05467795403357,0.264087466056541,29.129600025366,23.296294009946,5.83330601541993,-0.754745537409369,-0.656017662689537,-0.964921821816201,-0.262537383591183,-0.434856839557416,0.90049959971681,0.950249799858405,0.0497502001415949,-0.0235637459829998,0.00216968995023797,0.493382524921856,0.493382524928915,0.470938707713089,0.47093870768798,0.00643579618780989,0.0287607607632618,OK
h_over_lambda,1,3.534,1.064e-06,0.55,5.852e-07,3.760176e-06,1.064e-06,0.523598775598299,30,0.934463030239081,0.0458979139944558,0.980360944233537,0.0196390557664634,1,1.31876542009011,1.05467795403357,0.264087466056541,29.2828919043218,23.4188886449009,5.86400325942086,-0.846064033022982,-0.533081280880212,-0.989784892597361,-0.142568812809922,-0.407013453592423,0.913422163402426,0.956711081701213,0.0432889182987869,-0.0222480514621322,0.00260899569566882,0.493382524921856,0.493382524928915,0.470938707713089,0.47093870768798,0.00643579618780989,0.0287607607632618,OK
h_over_lambda,1,3.5525,1.064e-06,0.55,5.852e-07,3.77986e-06,1.064e-06,0.523598775598299,30,0.940989233074386,0.0401842065308494,0.981173439605235,0.0188265603947654,1,1.31876542009011,1.05467795403357,0.264087466056541,29.4361837832776,23.5414832798558,5.89470050342179,-0.91754027822212,-0.397642852117418,-0.999790668314882,-0.0204601942923975,-0.378786560505584,0.925484057982821,0.962742028991411,0.0372579710085895,-0.0217527959170251,0.00292623552225988,0.493382524921856,0.493382524928915,0.470938707713089,0.47093870768798,0.00643579618780989,0.0287607607632618,OK
h_over_lambda,1,3.571,1.064e-06,0.55,5.852e-07,3.799544e-06,1.064e-06,0.523598775598299,30,0.946197256780213,0.0347797450676336,0.980977001847847,0.0190229981521532,1,1.31876542009011,1.05467795403357,0.264087466056541,29.5894756622335,23.6640779148108,5.92539774742272,-0.967497981969023,-0.252878735535172,-0.994788955968962,0.101955544636779,-0.350202756996421,0.936673918176494,0.968336959088247,0.0316630409117529,-0.0221397023080339,0.00311670415588066,0.493382524921856,0.493382524928915,0.470938707713089,0.47093870768798,0.00643579618780989,0.0287607607632618,OK
h_over_lambda,1,3.5895,1.064e-06,0.55,5.852e-07,3.819228e-06,1.064e-06,0.523598775598299,30,0.950088348951605,0.0296935196300413,0.979781868581646,0.0202181314183538,1,1.31876542009011,1.05467795403357,0.264087466056541,29.7427675411893,23.7866725497657,5.95609499142365,-0.994765515132577,-0.102184000230072,-0.974854834414316,0.222840866582044,-0.321288976062157,0.946981200373551,0.973490600186775,0.0265093998132247,-0.0234022512351706,0.0031841198168166,0.493382524921856,0.493382524928915,0.470938707713089,0.47093870768798,0.00643579618780989,0.0287607607632618,OK
h_over_lambda,1,3.608,1.064e-06,0.55,5.852e-07,3.838912e-06,1.064e-06,0.523598775598299,30,0.952733461379116,0.0249407066340283,0.977674168013144,0.0223258319868554,1,1.31876542009011,1.05467795403357,0.264087466056541,29.8960594201452,23.9092671847206,5.98679223542458,-0.99870338802867,0.0509071973305871,-0.940287527379233,0.340381206671355,-0.292072461620184,0.956396192570383,0.978198096285192,0.0218019037148083,-0.0254646349060756,0.00313880291921995,0.493382524921856,0.493382524928915,0.470938707713089,0.47093870768798,0.00643579618780989,0.0287607607632618,OK
h_over_lambda,1,3.6265,1.064e-06,0.55,5.852e-07,3.858596e-06,1.064e-06,0.523598775598299,30,0.954267369212707,0.0205405452290829,0.97480791444179,0.02519208555821,1,1.31876542009011,1.05467795403357,0.264087466056541,30.049351299101,24.0318618196755,6.01748947942551,-0.979219248001882,0.202804497836288,-0.891605911928842,0.452812210318515,-0.262580742837572,0.964910023520778,0.982455011760389,0.0175449882396108,-0.0281876425476824,0.00299555698947208,0.493382524921856,0.493382524928915,0.470938707713089,0.47093870768798,0.00643579618780989,0.0287607607632618,OK
h_over_lambda,1,3.645,1.064e-06,0.55,5.852e-07,3.87828e-06,1.064e-06,0.523598775598299,30,0.954876718172664,0.0165142439127867,0.971390962085451,0.028609037914549,1,1.31876542009011,1.05467795403357,0.264087466056541,30.2026431780569,24.1544564546304,6.04818672342644,-0.936770045318899,0.349945541753611,-0.82954072979332,0.558446217297571,-0.232841608191804,0.972514671094814,0.986257335547407,0.013742664452593,-0.0313806173747427,0.0027715794601937,0.493382524921856,0.493382524928915,0.470938707713089,0.47093870768798,0.00643579618780989,0.0287607607632618,OK
h_over_lambda,1,3.6635,1.064e-06,0.55,5.852e-07,3.897964e-06,1.064e-06,0.523598775598299,30,0.954783656197675,0.0128832069218668,0.967666863119542,0.0323331368804582,1,1.31876542009011,1.05467795403357,0.264087466056541,30.3559350570127,24.2770510895853,6.07888396742737,-0.872351316578197,0.488879515283966,-0.755023618473966,0.655697594586468,-0.202883079287164,0.979202969837693,0.989601484918847,0.0103985150811533,-0.034817828721172,0.00248469184071349,0.493382524921856,0.493382524928915,0.470938707713089,0.47093870768798,0.00643579618780989,0.0287607607632618,OK
h_over_lambda,1,3.682,1.064e-06,0.55,5.852e-07,3.917648e-06,1.064e-06,0.523598775598299,30,0.954227124420349,0.0096677724146159,0.963894896834965,0.0361051031650359,1,1.31876542009011,1.05467795403357,0.264087466056541,30.5092269359685,24.3996457245402,6.1095812114283,-0.787473836966013,0.616348080303675,-0.66917312677714,0.743106537718049,-0.172733384451463,0.984968617721368,0.992484308860684,0.00751569113931582,-0.0382571844403348,0.00215208127530008,0.493382524921856,0.493382524928915,0.470938707713089,0.47093870768798,0.00643579618780989,0.0287607607632618,OK
h_over_lambda,1,3.7005,1.064e-06,0.55,5.852e-07,3.937332e-06,1.064e-06,0.523598775598299,30,0.953443889683339,0.00688652468921947,0.960330414372558,0.0396695856274431,1,1.31876542009011,1.05467795403357,0.264087466056541,30.6625188149244,24.5222403594952,6.14027845542923,-0.684128188919695,0.729361790283435,-0.573277924691674,0.819360983365212,-0.142420932138011,0.989806182082604,0.994903091041302,0.00509690895869825,-0.0414592013579631,0.00178961573052123,0.493382524921856,0.493382524928915,0.470938707713089,0.47093870768798,0.00643579618780989,0.0287607607632618,OK
h_over_lambda,1,3.719,1.064e-06,0.55,5.852e-07,3.957016e-06,1.064e-06,0.523598775598299,30,0.952651078888049,0.00455611405206566,0.957207192940114,0.0427928070598849,0.999999999999999,1.31876542009011,1.05467795403357,0.264087466056541,30.8158106938802,24.6448349944501,6.17097569943016,-0.564738078149151,0.825270200048689,-0.46877745964017,0.883316304238356,-0.111974284157821,0.993711104741888,0.996855552370944,0.00314444762905598,-0.0442044734828955,0.00141166642300968,0.493382524921856,0.493382524928915,0.470938707713089,0.47093870768798,0.00643579618780989,0.0287607607632618,OK
h_over_lambda,1,3.7375,1.064e-06,0.55,5.852e-07,3.9767e-06,1.064e-06,0.523598775598299,30,0.952031473244732,0.00269141840749937,0.954722891652231,0.0452771083477687,1,1.31876542009011,1.05467795403357,0.264087466056541,30.9691025728361,24.767429629405,6.20167294343109,-0.43210349186866,0.901824025137338,-0.357240349465928,0.934012490662444,-0.0814221287673532,0.996679706298364,0.998339853149182,0.00166014685081814,-0.04630837990445,0.00103127155668123,0.493382524921856,0.493382524928915,0.470938707713089,0.47093870768798,0.00643579618780989,0.0287607607632618,OK
h_over_lambda,1,3.756,1.064e-06,0.55,5.852e-07,3.996384e-06,1.064e-06,0.523598775598299,30,0.951722293462961,0.00130582580604896,0.95302811926901,0.0469718807309904,1,1.31876542009011,1.05467795403357,0.264087466056541,31.1223944517919,24.8900242643599,6.23237018743202,-0.289335032316193,0.957227892967285,-0.240340836490477,0.970688560927272,-0.0507932536370772,0.998709189596731,0.999354594798366,0.00064540520163441,-0.0476323013354047,0.000660420604414553,0.493382524921856,0.493382524928915,0.470938707713089,0.47093870768798,0.00643579618780989,0.0287607607632618,OK
h_over_lambda,1,3.7745,1.064e-06,0.55,5.852e-07,4.016068e-06,1.064e-06,0.523598775598299,30,0.951807769972311,0.000411410105436428,0.952219180077747,0.0477808199222529,1,1.31876542009011,1.05467795403357,0.264087466056541,31.2756863307478,25.0126188993148,6.26306743143295,-0.139780965598297,0.990182448671157,-0.11983365608114,0.992793984102556,-0.0201165187263944,0.999797642362859,0.999898821181429,0.000101178818570672,-0.0480910512091186,0.000310231286865757,0.493382524921856,0.493382524928915,0.470938707713089,0.47093870768798,0.00643579618780989,0.0287607607632618,OK
h_over_lambda,1,3.793,1.064e-06,0.55,5.852e-07,4.035752e-06,1.064e-06,0.523598775598299,30,0.952315498324845,1.88073070861708e-05,0.952334305631931,0.0476656943680686,1,1.31876542009011,1.05467795403357,0.264087466056541,31.4289782097036,25.1352135342697,6.29376467543388,0.0130513032583565,0.999914828114504,0.00247230303281619,0.999996943854187,0.0105791709095653,0.999944039005617,0.999972019502808,2.79804971916713e-05,-0.0476565211779633,-9.17319010550055e-06,0.493382524921856,0.493382524928915,0.470938707713089,0.47093870768798,0.00643579618780989,0.0287607607632618,OK
h_over_lambda,1,3.8115,1.064e-06,0.55,5.852e-07,4.055436e-06,1.064e-06,0.523598775598299,30,0.953216423070361,0.000136669616934052,0.953353092687295,0.0466469073127048,1,1.31876542009011,1.05467795403357,0.264087466056541,31.5822700886595,25.2578081692247,6.32446191943481,0.165577487448392,0.986196783431318,0.124741151320043,0.992189319216524,0.0412648923556572,0.999148241583238,0.999574120791619,0.000425879208381126,-0.0463576977212576,-0.000289209591447075,0.493382524921856,0.493382524928915,0.470938707713089,0.47093870768798,0.00643579618780989,0.0287607607632618,OK
h_over_lambda,1,3.83,1.064e-06,0.55,5.852e-07,4.07512e-06,1.064e-06,0.523598775598299,30,0.954428227298128,0.000770669345028254,0.955198896643156,0.0448011033568428,0.999999999999999,1.31876542009011,1.05467795403357,0.264087466056541,31.7355619676153,25.3804028041796,6.35515916343574,0.314220478593078,0.949350035989222,0.2451375563061,0.969488307556246,0.0719117320892103,0.997410999933292,0.998705499966646,0.00129450003335394,-0.0442772726685179,-0.00052383068832569,0.493382524921856,0.493382524928915,0.470938707713089,0.47093870768798,0.00643579618780989,0.0287607607632618,OK
h_over_lambda,1,3.8485,1.064e-06,0.55,5.852e-07,4.094804e-06,1.064e-06,0.523598775598299,30,0.955821867091861,0.00192213666448248,0.957744003756343,0.0422559962436567,1,1.31876542009011,1.05467795403357,0.264087466056541,31.8888538465711,25.5029974391345,6.38585640743667,0.455494238594202,0.890238731244315,0.361854292070634,0.932234665366001,0.102490813223737,0.994733950966155,0.997366975483078,0.00263302451692243,-0.0415451083912167,-0.00071088785243995,0.493382524921856,0.493382524928915,0.470938707713089,0.47093870768798,0.00643579618780989,0.0287607607632618,OK
h_over_lambda,1,3.867,1.064e-06,0.55,5.852e-07,4.114488e-06,1.064e-06,0.523598775598299,30,0.957230924215404,0.00358653235446379,0.960817456569868,0.0391825434301317,1,1.31876542009011,1.05467795403357,0.264087466056541,32.042145725527,25.6255920740894,6.4165536514376,0.5860855556693,0.810249172437595,0.473139366847472,0.880987593294692,0.132973322718068,0.991119617122634,0.995559808561317,0.00444019143868299,-0.0383288843459128,-0.0008536590842192,0.493382524921856,0.493382524928915,0.470938707713089,0.47093870768798,0.00643579618780989,0.0287607607632618,OK
h_over_lambda,1,3.8855,1.064e-06,0.55,5.852e-07,4.134172e-06,1.064e-06,0.523598775598299,30,0.958463324262299,0.00575206130197832,0.964215385564277,0.0357846144357235,1,1.31876542009011,1.05467795403357,0.264087466056541,32.1954376044828,25.7481867090443,6.44725089543853,0.702931747191253,0.711257308426881,0.577322321525229,0.816516342193297,0.163330538525353,0.986571403997206,0.993285701998603,0.00671429800139698,-0.0348223777363041,-0.000962236699418664,0.493382524921856,0.493382524928915,0.470938707713089,0.47093870768798,0.00643579618780989,0.0287607607632618,OK
h_over_lambda,1,3.904,1.064e-06,0.55,5.852e-07,4.153856e-06,1.064e-06,0.523598775598299,30,0.959314782517119,0.00839880019063457,0.967713582707753,0.0322864172922474,1,1.31876542009011,1.05467795403357,0.264087466056541,32.3487294834387,25.8707813439992,6.47794813943946,0.803292487012567,0.595584738143251,0.67283930429144,0.739788666174746,0.193533856656316,0.981093597129108,0.990546798564554,0.00945320143544603,-0.0312320160474354,-0.00105440124481146,0.493382524921856,0.493382524928915,0.470938707713089,0.47093870768798,0.00643579618780989,0.0287607607632618,OK
h_over_lambda,1,3.9225,1.064e-06,0.55,5.852e-07,4.17354e-06,1.064e-06,0.523598775598299,30,0.959583129783732,0.011498715682856,0.971081845466587,0.0289181545334127,1,1.31876542009011,1.05467795403357,0.264087466056541,32.5020213623945,25.9933759789541,6.50864538344039,0.884814072749499,0.465944263474125,0.758256545033863,0.651956296014778,0.223554818131276,0.974691357964301,0.98734567898215,0.0126543210178498,-0.0277625491984187,-0.0011556053349938,0.493382524921856,0.493382524928915,0.470938707713089,0.47093870768798,0.00643579618780989,0.0287607607632618,OK
h_over_lambda,1,3.941,1.064e-06,0.55,5.852e-07,4.193224e-06,1.064e-06,0.523598775598299,30,0.959082490266793,0.0150168653519777,0.974099355618771,0.0259006443812297,1,1.31876542009011,1.05467795403357,0.264087466056541,32.6553132413504,26.115970613909,6.53934262744132,0.945584625802754,0.325376267489604,0.832291877133552,0.554337650947064,0.253365135795526,0.967370718992112,0.983685359496056,0.0163146405039442,-0.0246028692292624,-0.00129777515196655,0.493382524921856,0.493382524928915,0.470938707713089,0.47093870768798,0.00643579618780989,0.0287607607632618,OK
h_over_lambda,1,3.9595,1.064e-06,0.55,5.852e-07,4.212908e-06,1.064e-06,0.523598775598299,30,0.957656189535897,0.0189138980149646,0.976570087550861,0.0234299124491386,1,1.31876542009011,1.05467795403357,0.264087466056541,32.8086051203062,26.238565248864,6.57003987144225,0.984178929540435,0.177177410096896,0.893833983593884,0.44839804835959,0.282936720972805,0.959138578061146,0.979569289030573,0.0204307109694271,-0.0219130994946762,-0.00151681295446241,0.493382524921856,0.493382524928915,0.470938707713089,0.47093870768798,0.00643579618780989,0.0287607607632618,OK
h_over_lambda,1,3.978,1.064e-06,0.55,5.852e-07,4.232592e-06,1.064e-06,0.523598775598299,30,0.955187300756162,0.0231497256128072,0.978337026368969,0.0216629736310308,1,1.31876542009011,1.05467795403357,0.264087466056541,32.9618969992621,26.3611598838189,6.60073711544318,0.99969185407941,0.0248233133822008,0.941959078609121,0.335727708457099,0.312241709931786,0.950002691879804,0.975001345939902,0.0249986540600978,-0.0198140451837402,-0.00184892844729059,0.493382524921856,0.493382524928915,0.470938707713089,0.47093870768798,0.00643579618780989,0.0287607607632618,OK
h_over_lambda,1,3.9965,1.064e-06,0.55,5.852e-07,4.252276e-06,1.064e-06,0.523598775598299,30,0.951605900877882,0.0276879765239938,0.979293877401875,0.0207061225981244,1,1.31876542009011,1.05467795403357,0.264087466056541,33.1151888782179,26.4837545187738,6.63143435944411,0.991759583772931,-0.128112950143778,0.975944774171569,0.21801788405359,0.341252490140566,0.939971668707554,0.969985834353777,0.0300141656462232,-0.0183799334758953,-0.00232618912222942,0.493382524921856,0.493382524928915,0.470938707713089,0.47093870768798,0.00643579618780989,0.0287607607632618,OK
h_over_lambda,1,4.015,1.064e-06,0.55,5.852e-07,4.27196e-06,1.064e-06,0.523598775598299,30,0.946892388119628,0.0325006283572753,0.979393016476904,0.020606983523097,1,1.31876542009011,1.05467795403357,0.264087466056541,33.2684807571737,26.6063491537287,6.66213160344504,0.960568149568579,-0.278044654748828,0.995280923570875,0.0970354738016225,0.369941726284494,0.929054960243821,0.964527480121911,0.0354725198780893,-0.0176350920022822,-0.00297189152081404,0.493382524921856,0.493382524928915,0.470938707713089,0.47093870768798,0.00643579618780989,0.0287607607632618,OK
h_over_lambda,1,4.0335,1.064e-06,0.55,5.852e-07,4.291644e-06,1.064e-06,0.523598775598299,30,0.941076575978637,0.0375721198317912,0.978648695810429,0.0213513041895713,1,1.31876542009011,1.05467795403357,0.264087466056541,33.4217726361296,26.7289437886836,6.69282884744597,0.906849066132045,-0.421455538883329,0.999677279017679,-0.0254035000700662,0.398282386022791,0.917262852722159,0.958631426361079,0.0413685736389207,-0.017554850382442,-0.00379645380712947,0.493382524921856,0.493382524928915,0.470938707713089,0.47093870768798,0.00643579618780989,0.0287607607632618,OK
h_over_lambda,1,4.052,1.064e-06,0.55,5.852e-07,4.311328e-06,1.064e-06,0.523598775598299,30,0.934232691138995,0.0429022896153239,0.977134980754318,0.0228650192456815,1,1.31876542009011,1.05467795403357,0.264087466056541,33.5750645150854,26.8515384236385,6.7235260914469,0.831862176056769,-0.554982270028599,0.989067848445859,-0.1474611513948,0.42624776545967,0.904606457218076,0.952303228609038,0.0476967713909622,-0.0180705374700432,-0.00479448177563837,0.493382524921856,0.493382524928915,0.470938707713089,0.47093870768798,0.00643579618780989,0.0287607607632618,OK
h_over_lambda,1,4.0705,1.064e-06,0.55,5.852e-07,4.331012e-06,1.064e-06,0.523598775598299,30,0.926470824494997,0.048507673632757,0.974978498127754,0.0250215018722463,1,1.31876542009011,1.05467795403357,0.264087466056541,33.7283563940413,26.9741330585934,6.75422333544783,0.737366103504294,-0.675493322989129,0.963611886095043,-0.267305317897633,0.453811514306008,0.891097699179662,0.945548849589831,0.0544511504101689,-0.0190780250948338,-0.00594347677741188,0.493382524921856,0.493382524928915,0.470938707713089,0.47093870768798,0.00643579618780989,0.0287607607632618,OK
h_over_lambda,1,4.089,1.064e-06,0.55,5.852e-07,4.350696e-06,1.064e-06,0.523598775598299,30,0.917925770057064,0.0544209584552438,0.972346728512308,0.0276532714876912,0.999999999999999,1.31876542009011,1.05467795403357,0.264087466056541,33.8816482729971,27.0967276935484,6.78492057944876,0.625577010208916,-0.780162421741828,0.923691502004084,-0.383137063105933,0.480947660707818,0.876749307190874,0.938374653595437,0.061625346404563,-0.0204488835383726,-0.00720438794931923,0.493382524921856,0.493382524928915,0.470938707713089,0.47093870768798,0.00643579618780989,0.0287607607632618,OK
h_over_lambda,1,4.1075,1.064e-06,0.55,5.852e-07,4.37038e-06,1.064e-06,0.523598775598299,30,0.90874448085001,0.0606886630261212,0.969433143876131,0.0305668561238689,1,1.31876542009011,1.05467795403357,0.264087466056541,34.034940151953,27.2193223285033,6.81561782344968,0.499116621118422,-0.866534822452814,0.869905926298581,-0.493217679519507,0.507630635718146,0.861574800978064,0.930787400489032,0.069212599510968,-0.0220429196390224,-0.00852393648484671,0.493382524921856,0.493382524928915,0.470938707713089,0.47093870768798,0.00643579618780989,0.0287607607632618,OK
h_over_lambda,1,4.126,1.064e-06,0.55,5.852e-07,4.390064e-06,1.064e-06,0.523598775598299,30,0.899073520215578,0.067367337837022,0.9664408580526,0.0335591419474005,1,1.31876542009011,1.05467795403357,0.264087466056541,34.1882320309088,27.3419169634582,6.84631506745061,0.360950738595141,-0.932584883164864,0.80306251436897,-0.595894787706176,0.533835297389329,0.845588478671065,0.922794239335533,0.0772057606644673,-0.0237207191199544,-0.00983842282744526,0.493382524921856,0.493382524928915,0.470938707713089,0.47093870768798,0.00643579618780989,0.0287607607632618,OK
h_over_lambda,1,4.1445,1.064e-06,0.55,5.852e-07,4.409748e-06,1.064e-06,0.523598775598299,30,0.889047856839263,0.0745186939672574,0.96356655080652,0.0364334491934801,1,1.31876542009011,1.05467795403357,0.264087466056541,34.3415239098647,27.4645115984131,6.87701231145155,0.214319687168621,-0.976763570006552,0.724164627957316,-0.689627139558358,0.559536954462916,0.828805403330821,0.91440270166541,0.0855972983345897,-0.0253548448261474,-0.0110786043673322,0.493382524921856,0.493382524928915,0.470938707713089,0.47093870768798,0.00643579618780989,0.0287607607632618,OK
h_over_lambda,1,4.163,1.064e-06,0.55,5.852e-07,4.429432e-06,1.064e-06,0.523598775598299,30,0.87878214235148,0.0822041065861264,0.960986248937607,0.0390137510623932,1,1.31876542009011,1.05467795403357,0.264087466056541,34.4948157888205,27.587106233368,6.90770955545248,0.0626623200785555,-0.998034785787736,0.634396574065153,-0.77300775339863,0.584711389634919,0.81124138875627,0.905620694378135,0.0943793056218649,-0.0268385520266547,-0.0121751990357385,0.493382524921856,0.493382524928915,0.470938707713089,0.47093870768798,0.00643579618780989,0.0287607607632618,OK
h_over_lambda,1,4.1815,1.064e-06,0.55,5.852e-07,4.449116e-06,1.064e-06,0.523598775598299,30,0.868365256752764,0.0904789103606854,0.95884416711345,0.0411558328865502,1,1.31876542009011,1.05467795403357,0.264087466056541,34.6481076677763,27.7097008683229,6.9384067994534,-0.0904646301612722,-0.995899668987687,0.535105827758969,-0.844785033661457,0.609334882374501,0.79291298458384,0.89645649229192,0.10354350770808,-0.0280912355391558,-0.0130645973473945,0.493382524921856,0.493382524928915,0.470938707713089,0.47093870768798,0.00643579618780989,0.0287607607632618,OK
h_over_lambda,1,4.2,1.064e-06,0.55,5.852e-07,4.4688e-06,1.064e-06,0.523598775598299,30,0.85785846617011,0.0993868599436435,0.957245326113753,0.0427546738862462,0.999999999999999,1.31876542009011,1.05467795403357,0.264087466056541,34.8013995467322,27.8322955032778,6.96910404345434,-0.241469965753455,-0.970408293265791,0.4277828057202,-0.903881558131459,0.633384231274574,0.773837460693599,0.8869187303468,0.113081269653201,-0.0290602641766898,-0.013694409709557,0.493382524921856,0.493382524928915,0.470938707713089,0.47093870768798,0.00643579618780989,0.0287607607632618,OK
