sweep_parameter,Lambda_over_lambda,h_over_lambda,Lambda_m,f,b_m,h_m,lambda_m,theta_rad,theta_deg,eta0_RCWA_TE,etam1_RCWA_TE,Tsum,Rsum,energy_sum,neff0_TE,neff1_TE,delta_neff_TE,phi0_TE,phi1_TE,delta_phi_TE,sin_phi0_TE,cos_phi0_TE,sin_phi1_TE,cos_phi1_TE,sin_dphi_TE,cos_dphi_TE,eta0_SMM_TE,etam1_SMM_TE,res_eta0_TE,res_etam1_TE,overlap_mode0_order0_TE,overlap_mode0_orderm1_TE,overlap_mode1_order0_TE,overlap_mode1_orderm1_TE,overlap_mode0_order1_TE,overlap_mode1_order1_TE,status
Lambda_over_lambda,0.6,2,6.384e-07,0.55,3.5112e-07,2.128e-06,1.064e-06,0.985110783337746,56.4426902380793,0.345436699391561,0.54124721776465,0.886683917156211,0.113316082843789,1,1.12839116533779,0.773044360085939,0.355346805251847,14.1797815816033,9.71436193018003,4.46541965142323,0.999092133613189,-0.0426017435352757,-0.285553541605557,-0.958362757454881,-0.969657770866086,-0.244466372736646,0.377766813631677,0.622233186368323,-0.0323301142401162,-0.0809859686036725,0.498818165270453,0.498818165368625,0.496929649907588,0.496929650677143,0.00114504655618175,0.00304814963900415,OK
Lambda_over_lambda,0.603,2,6.41592e-07,0.55,3.528756e-07,2.128e-06,1.064e-06,0.977652362998871,56.0153542308273,0.34010952623773,0.550841230939211,0.890950757176942,0.109049242823058,1,1.13150392237482,0.777716624525529,0.353787297849291,14.2188976401631,9.77307533673621,4.44582230342686,0.996661905220806,-0.0816397371482345,-0.341297912653201,-0.939955177026313,-0.964680989435454,-0.263420934289273,0.368289532855363,0.631710467144637,-0.0281800066176328,-0.0808692362054254,0.498796619959675,0.498796619944289,0.496863108669954,0.496863108471257,0.0011659499470431,0.00311417021912391,OK
Lambda_over_lambda,0.606,2,6.44784e-07,0.55,3.546312e-07,2.128e-06,1.064e-06,0.970348213496185,55.5968572913908,0.334760898998119,0.560497439138558,0.895258338136677,0.104741661863324,1,1.13456333057777,0.782297191189705,0.352266139388062,14.2573432975019,9.83063643506203,4.42670686243989,0.992787508407356,-0.119887293531522,-0.394807640862549,-0.91876380355157,-0.959469646871406,-0.281811988269591,0.359094005865204,0.640905994134796,-0.0243331068670858,-0.0804085549962378,0.498774813736419,0.498774813688248,0.496795427878555,0.496795427512407,0.00118710722695636,0.00318131962282372,OK
Lambda_over_lambda,0.609,2,6.47976e-07,0.55,3.563868e-07,2.128e-06,1.064e-06,0.963191990754593,55.186835931042,0.329375101604836,0.570197542999803,0.899572644604639,0.100427355395361,1,1.13757070106802,0.78678894209761,0.350781758970413,14.2951350296572,9.88708144167815,4.40805358797902,0.987548965684222,-0.157311920641834,-0.446010967162315,-0.895027495203883,-0.95404631901916,-0.299659175007192,0.350170412496404,0.649829587503596,-0.0207953108915683,-0.0796320445037928,0.498752745367121,0.498752745379872,0.496726592882561,0.496726593157346,0.00120851960850763,0.00324961232068157,OK
Lambda_over_lambda,0.612,2,6.51168e-07,0.55,3.581424e-07,2.128e-06,1.064e-06,0.956177769425429,54.7849506523102,0.323940821893913,0.579921001349153,0.903861823243067,0.0961381767569328,0.999999999999999,1.14052730237983,0.791194632257033,0.349332670122797,14.3322887775002,9.94244497703349,4.38984380046674,0.981024054461625,-0.193886060787449,-0.494854179436195,-0.86897603021863,-0.948431715910138,-0.316981514059972,0.341509242970014,0.658490757029986,-0.0175684210761008,-0.0785697556808326,0.498730413728217,0.49873041371902,0.496656589427571,0.496656590112393,0.00123018828603162,0.00331906290160553,OK
Lambda_over_lambda,0.615,2,6.5436e-07,0.55,3.59898e-07,2.128e-06,1.064e-06,0.949300004651058,54.390883758255,0.318450694842538,0.589645591782227,0.908096286624764,0.0919037133752359,1,1.14343436221743,0.795516897180647,0.347917465036782,14.3688199688176,9.99676015995707,4.37205980886056,0.973288211752296,-0.229586708813942,-0.541299802932754,-0.840829663692333,-0.942644840000362,-0.333797402058033,0.333101298970983,0.666898701029017,-0.0146506041284458,-0.0772531092467899,0.498707817581196,0.498707817549232,0.496585402804042,0.496585403284348,0.00125211444495707,0.00338968608257204,OK
Lambda_over_lambda,0.618,2,6.57552e-07,0.55,3.616536e-07,2.128e-06,1.064e-06,0.942553498242355,54.0043374145784,0.312900870242861,0.599347944657787,0.912248814900648,0.0877511850993516,1,1.14629306912287,0.799758259836972,0.346534809285895,14.4047435392692,10.0500586950063,4.35468484426283,0.964414463147185,-0.264395051528061,-0.585324914993776,-0.810798830714209,-0.936703130104047,-0.35012461503482,0.32493769248259,0.67506230751741,-0.0120368222397286,-0.075714362859623,0.498684955727281,0.498684955705497,0.496513018110967,0.496513017516436,0.00127429925492633,0.00346149670566356,OK
Lambda_over_lambda,0.621,2,6.60744e-07,0.55,3.634092e-07,2.128e-06,1.064e-06,0.935933368659533,53.625031929653,0.307290600155387,0.609004049124219,0.916294649279606,0.0837053507203939,1,1.14910457405989,0.803921137087653,0.345183436972239,14.4400739522919,10.1023709533605,4.33770299893144,0.954473373168588,-0.298296127886664,-0.62691958101738,-0.779083974252451,-0.93062259240014,-0.365980314381037,0.317009842809482,0.682990157190518,-0.0097192426540948,-0.0739861080662989,0.498661826995339,0.49866182702445,0.496439418822925,0.496439419020544,0.00129674387116663,0.00353450975584141,OK
Lambda_over_lambda,0.624,2,6.63936e-07,0.55,3.651648e-07,2.128e-06,1.064e-06,0.929435024284098,53.252704223118,0.301621843130778,0.618589728074887,0.920211571205665,0.0797884287943342,1,1.15186999191902,0.808007845657151,0.343862146261865,14.4748252180133,10.1537260478377,4.32109917017558,0.943533014380174,-0.33127850937642,-0.666085407605528,-0.745875478732863,-0.924417919750018,-0.381381055697643,0.309309472151178,0.690690527848822,-0.00768762902040032,-0.0721007997739344,0.498638430380838,0.498638430207379,0.496364591221646,0.496364590945902,0.00131944942743011,0.00360874030847048,OK
Lambda_over_lambda,0.627,2,6.67128e-07,0.55,3.669204e-07,2.128e-06,1.064e-06,0.923054139549439,52.8871064582626,0.29589888368929,0.628081077956132,0.923979961645422,0.0760200383545788,1,1.15459040294844,0.812020607676075,0.342569795272365,14.5090109112324,10.2041519025547,4.30485900867769,0.931658952886285,-0.363333999932336,-0.702834208144299,-0.711353692520237,-0.918102600439541,-0.396342799942365,0.301828600028818,0.698171399971182,-0.00592971633952732,-0.0700903220150504,0.498614764456226,0.498614764409138,0.496288518795067,0.496288518979119,0.0013424170615603,0.0036842035956469,OK
Lambda_over_lambda,0.63,2,6.7032e-07,0.55,3.68676e-07,2.128e-06,1.064e-06,0.91678663356334,52.5280048171861,0.290127966844759,0.637454869006031,0.92758283585079,0.0724171641492093,1,1.15726685411522,0.815961555835138,0.341305298280081,14.5426441885254,10.2536753176935,4.2889688708319,0.918914248085583,-0.394457354685279,-0.737186775580347,-0.675689024558969,-0.91168901734668,-0.410880926363643,0.294559536818179,0.705440463181821,-0.00443156997341937,-0.0679855941757903,0.498590828285714,0.49859082832387,0.496211186871793,0.496211186709719,0.00136564787628651,0.00376091495107997,OK
Lambda_over_lambda,0.633,2,6.73512e-07,0.55,3.704316e-07,2.128e-06,1.064e-06,0.910628650910132,52.1751784008425,0.284316948462431,0.646688901729747,0.931005850192178,0.0689941498078215,1,1.15990036040073,0.819832738182945,0.34006762221779,14.5757378045244,10.3023220297918,4.27341577473263,0.9053594647578,-0.424646016787478,-0.769171756847584,-0.639042102265571,-0.905188538435609,-0.425010246799775,0.287494876600113,0.712505123399887,-0.00317792813768181,-0.0658162216701401,0.498566620779266,0.498566620831518,0.496132578845342,0.496132579405649,0.00138914296627579,0.00383888985591152,OK
Lambda_over_lambda,0.636,2,6.76704e-07,0.55,3.721872e-07,2.128e-06,1.064e-06,0.904576544365571,51.8284182386757,0.27847496297234,0.655762316059295,0.934237279031635,0.0657627209683658,1,1.16249190603429,0.823636122597509,0.33885578343678,14.6083041274197,10.3501167679341,4.25818735948561,0.891052695758021,-0.453899871538166,-0.79882462322981,-0.601563979408468,-0.898611599388373,-0.438745020991316,0.280627489504342,0.719372510495658,-0.0021525265320021,-0.063610194436363,0.498542140858399,0.498542140831743,0.496052680218214,0.496052679969296,0.00141290341135048,0.0039181438885814,OK
Lambda_over_lambda,0.639,2,6.79896e-07,0.55,3.739428e-07,2.128e-06,1.064e-06,0.898626859295381,51.4875263947218,0.272612110400724,0.664655850607593,0.937267961008317,0.0627320389916825,1,1.16504244566833,0.827373600958436,0.337668844709893,14.6403551537276,10.3970833061806,4.24327184754701,0.876049593771882,-0.482221017016182,-0.826186730889206,-0.563396384176015,-0.891967779104612,-0.45209897261461,0.273950513692695,0.726049486307305,-0.00133840329197088,-0.0613936356997118,0.498517387369461,0.498517387331645,0.49597147420704,0.495971473331786,0.0014369302802667,0.00399869278002847,OK
Lambda_over_lambda,0.642,2,6.83088e-07,0.55,3.756984e-07,2.128e-06,1.064e-06,0.892776319540235,51.1523151588784,0.266739164810555,0.673352050644878,0.940091215455433,0.0599087845445683,1,1.16755290549863,0.831046993044126,0.336505912454503,14.6719025223676,10.4432445125413,4.22865800982639,0.860403410748276,-0.509613550421036,-0.851304465823037,-0.524671998938149,-0.885265868727861,-0.465085305794008,0.267457347102996,0.732542652897004,-0.000718182292441305,-0.0591906022521257,0.498492359193839,0.498492359334715,0.495888944051813,0.495888944143964,0.00146122462617658,0.00408055238517364,OK
Lambda_over_lambda,0.645,2,6.8628e-07,0.55,3.77454e-07,2.128e-06,1.064e-06,0.887021814616754,50.8226063135757,0.260867306215118,0.681835424649553,0.942702730864671,0.0572972691353286,1,1.1700241843325,0.834658050175983,0.335366134156516,14.7029575280855,10.4886223947698,4.21433513331568,0.844165043774822,-0.536083369326687,-0.874228467612422,-0.485514764364624,-0.878513934792159,-0.477716721892796,0.261141639053602,0.738858360946398,-0.000274332838483882,-0.057022936296845,0.498467055503923,0.498467055586179,0.495805075200471,0.495805074592055,0.00148578747266862,0.00416373865329355,OK
Lambda_over_lambda,0.648,2,6.89472e-07,0.55,3.792096e-07,2.128e-06,1.064e-06,0.881360388086775,50.4982304673845,0.255007877702137,0.690092550627483,0.94510042832962,0.054899571670379,0.999999999999999,1.17245715460791,0.8382084586296,0.33424869597831,14.73353113426,10.5332381432303,4.20029299102971,0.827383086296537,-0.561637987061432,-0.895012926480568,-0.44604020158803,-0.871719377024741,-0.490005436418411,0.254997281790795,0.745002718209205,1.05959113425591e-05,-0.0549101675817226,0.49844147515549,0.498441475180501,0.495719850102908,0.495719849603319,0.00151061984424326,0.00424826769685013,OK
Lambda_over_lambda,0.651,2,6.92664e-07,0.55,3.809652e-07,2.128e-06,1.064e-06,0.875789226966417,50.1790264482007,0.249172169109626,0.698112134565506,0.947284303675133,0.0527156963248673,1,1.17485266336622,0.841699842830998,0.333152820535227,14.7636339851269,10.5771121710622,4.18652181406475,0.810103883700747,-0.586286361442058,-0.91371494837042,-0.406355747005553,-0.864888981288628,-0.501963195907349,0.249018402046325,0.750981597953675,0.000153767063300864,-0.0528694633881682,0.498415617138489,0.498415617110073,0.495633252990884,0.49563325206642,0.0015357227441466,0.00433415572774124,OK
Lambda_over_lambda,0.654,2,6.95856e-07,0.55,3.827208e-07,2.128e-06,1.064e-06,0.870305652062901,49.8648407495853,0.243371228083667,0.705885024430113,0.94925625251378,0.0507437474862206,1,1.17721153318105,0.845133768354368,0.332077764826679,14.793276417451,10.620264151851,4.17301226560005,0.792371592402547,-0.610038736108988,-0.930393982972013,-0.366561095111679,-0.858028968102117,-0.513601294680627,0.243199352659687,0.756800647340313,0.000171875423980256,-0.0509156229102006,0.49838948039825,0.498389480445289,0.495545266302692,0.495545266407028,0.00156109716309226,0.00442141910573678,OK
Lambda_over_lambda,0.657,2,6.99048e-07,0.55,3.844764e-07,2.128e-06,1.064e-06,0.864907109141094,49.5555270246456,0.237615698755273,0.713404184007025,0.951019882762298,0.0489801172377013,1,1.17953456304558,0.848511744736296,0.331022818309284,14.822468471677,10.6627130549928,4.15975541668415,0.774228241665503,-0.632906493731534,-0.945111309869049,-0.326748545455998,-0.851145037130395,-0.52493059138166,0.23753470430917,0.76246529569083,8.09944461031553e-05,-0.0490611116838049,0.498363064130459,0.498363064039314,0.4954558750791,0.495455874192367,0.00158674406287031,0.00451007427719992,OK
Lambda_over_lambda,0.66,2,7.0224e-07,0.55,3.86232e-07,2.128e-06,1.064e-06,0.85959116083383,49.2509456225296,0.2319156877307,0.720664631480137,0.952580319210837,0.0474196807891627,1,1.18182252922067,0.851835228120086,0.329987301100584,14.8512199025863,10.7044771789242,4.14674272366207,0.755713797483314,-0.654902020376597,-0.957929578225018,-0.287003350436262,-0.844242408006688,-0.535961525226456,0.232019237386772,0.767980762613228,-0.000103549656072066,-0.0473161311330907,0.498336367172837,0.498336367136207,0.495365060956415,0.49536506013805,0.00161266441046914,0.00460013785883345,OK
Lambda_over_lambda,0.663,2,7.05432e-07,0.55,3.879876e-07,2.128e-06,1.064e-06,0.85435547922038,48.9509631632047,0.22628065653439,0.72766334806664,0.95394400460103,0.0460559953989702,1,1.18407618604564,0.855105623742666,0.328970562302975,14.8795401894864,10.7455741823731,4.13396600711332,0.736866227929898,-0.676038580360887,-0.968912395685927,-0.247404061175555,-0.837325857806549,-0.546704131910969,0.226647934044515,0.773352065955485,-0.000367277510125386,-0.0456887178888443,0.498309388751555,0.498309388625729,0.495272806956267,0.495272807318874,0.0016388591352667,0.00469162657107496,OK
Lambda_over_lambda,0.666,2,7.08624e-07,0.55,3.897432e-07,2.128e-06,1.064e-06,0.849197839006438,48.6554521466988,0.220719339162541,0.734399162202553,0.955118501365093,0.0448814986349064,1,1.18629626671384,0.858324288275409,0.32797197843843,14.9074385459568,10.7860211137749,4.12141743218193,0.717721569459284,-0.696330200934085,-0.978123962434429,-0.208022869203294,-0.830399755468421,-0.557168059132957,0.221415970433521,0.778584029566479,-0.000696631270980907,-0.0441848673639259,0.498282127773733,0.498282127749802,0.495179097228075,0.495179097427174,0.00166532917054354,0.00478455723917732,OK
Lambda_over_lambda,0.669,2,7.11816e-07,0.55,3.914988e-07,2.128e-06,1.064e-06,0.844116111246706,48.3642905934317,0.215239683024292,0.740872614722678,0.95611229774697,0.0438877022530307,1,1.18848348401475,0.861492532029327,0.326990951985426,14.9349239291742,10.8258344389832,4.10908949019099,0.698313993702894,-0.715791566169031,-0.985628746585656,-0.168925942069265,-0.823468093426178,-0.567362581696269,0.216318709151866,0.783681290848134,-0.00107902612757355,-0.042808676125456,0.498254583554545,0.498254583376437,0.495083914152567,0.495083913669267,0.00169207540943571,0.0048789468360954,OK
Lambda_over_lambda,0.672,2,7.15008e-07,0.55,3.932544e-07,2.128e-06,1.064e-06,0.839108257557889,48.0773617126435,0.209848811217437,0.747085810293198,0.956934621510635,0.0430653784893653,1,1.19063853104438,0.864611621034133,0.32602691001025,14.9620050488399,10.8650300673968,4.09697498144313,0.67867587437146,-0.734437919463677,-0.991491197365249,-0.130173751375705,-0.816534516694603,-0.577296616174312,0.211351691912844,0.788648308087156,-0.00150288069540713,-0.0415624977939582,0.49822675491914,0.4982267548978,0.494987239687692,0.494987239420453,0.00171909876006882,0.0049748124630206,OK
Lambda_over_lambda,0.675,2,7.182e-07,0.55,3.9501e-07,2.128e-06,1.064e-06,0.834172324775768,47.7945535962677,0.204553003886954,0.75304225998616,0.957595263873115,0.0424047361268866,1,1.19276208188551,0.867682778999947,0.325079302885566,14.988690375728,10.9036233766104,4.08506699911754,0.658837853922051,-0.752284974088534,-0.995775492752962,-0.0918213920205777,-0.809602349626631,-0.586978735116561,0.206510632441719,0.793489367558281,-0.00195762855476497,-0.0404471075721204,0.498198641256426,0.498198641176398,0.494889056877054,0.494889056717723,0.00174640007981923,0.00507217132551177,OK
Lambda_over_lambda,0.678,2,7.21392e-07,0.55,3.967656e-07,2.128e-06,1.064e-06,0.829306440015119,47.5157589358855,0.199357696288388,0.758746719429189,0.958104415717577,0.0418955842824237,1,1.19485479225938,0.870707189169676,0.324147603089701,15.0149881498745,10.9416292356931,4.07335891418139,0.638828909698623,-0.769348831241895,-0.998545318509223,-0.0539188917107438,-0.802674620540868,-0.596417180788392,0.201791409605804,0.798208590394196,-0.0024337133174161,-0.039461870965007,0.498170241554848,0.498170241509729,0.494789348263485,0.494789347845923,0.00177398023617763,0.00517104075735129,OK
Lambda_over_lambda,0.681,2,7.24584e-07,0.55,3.985212e-07,2.128e-06,1.064e-06,0.824508806095718,47.240874760655,0.194267491138126,0.764205026434172,0.958472517572298,0.0415274824277018,1,1.19691730015017,0.873685996069444,0.323231304080727,15.0409063884252,10.9790620271842,4.06184436124104,0.61867641929695,-0.785645905103505,-0.999863675726067,-0.0165115100326365,-0.7957540844001,-0.605619878439074,0.197190060780463,0.802809939219537,-0.0029225696423377,-0.0386049127853645,0.498141555052772,0.498141554979888,0.494688095645126,0.49468809558376,0.00180184006473213,0.00527143822390028,OK
Lambda_over_lambda,0.684,2,7.27776e-07,0.55,4.002768e-07,2.128e-06,1.064e-06,0.819777697301579,46.9698021943336,0.189286182875295,0.769423941430516,0.958710124305811,0.0412898756941882,0.999999999999999,1.19895022640373,0.876620307163886,0.322329919239844,15.0664528931591,11.0159356678948,4.05051722526435,0.598406224942994,-0.801192854404902,-0.999792714257144,0.020359973436433,-0.788843243704871,-0.614594449097271,0.192702775451364,0.807297224548636,-0.00341659257606955,-0.0378732831181199,0.498112580823021,0.498112580868995,0.494585281493393,0.494585281785807,0.00182998039713827,0.00537338129953459,OK
Lambda_over_lambda,0.687,2,7.30968e-07,0.55,4.020324e-07,2.128e-06,1.064e-06,0.815111455444021,46.7024462297082,0.184416791558648,0.774410993446219,0.958827785004867,0.041172214995132,0.999999999999999,1.20095417530168,0.879511194422571,0.321442980879105,15.0916352577029,11.0522636285917,4.0393716291112,0.578042696707554,-0.81600652006161,-0.998393589583677,0.0566589823260204,-0.781944367751557,-0.623348221896572,0.188325889051714,0.811674110948286,-0.00390909749306584,-0.0372631175020673,0.498083318238183,0.498083318195196,0.494480888287229,0.49448088804994,0.00185840202781414,0.00547688767695071,OK
Lambda_over_lambda,0.69,2,7.3416e-07,0.55,4.03788e-07,2.128e-06,1.064e-06,0.810508486202186,46.4387155189226,0.1796616042609,0.779174333819185,0.958835938080085,0.041164061919916,1,1.20292973511219,0.882359695803329,0.320570039308863,15.1164608744527,11.0880589526379,4.02840192181487,0.557608794410088,-0.830103868438479,-0.995726340864058,0.092352878187278,-0.775059510391036,-0.631888245936263,0.184055877031869,0.815944122968131,-0.00439427277096863,-0.0367697891489468,0.49805376635753,0.498053766323351,0.494374896964561,0.494374897266523,0.00188710575880007,0.00558197519246278,OK
Lambda_over_lambda,0.693,2,7.37352e-07,0.55,4.055436e-07,2.128e-06,1.064e-06,0.805967255717311,46.1785221783431,0.17502222200962,0.783722599278928,0.958744821288548,0.0412551787114519,1,1.20487747861858,0.885166816657824,0.319710661960759,15.1409369412157,11.1233342736547,4.017602667561,0.537126128091327,-0.84350193984461,-0.991849788094235,0.127412706813021,-0.768190526411839,-0.640221301684896,0.179889349157552,0.820110650842448,-0.00486712714793269,-0.0363880515635197,0.498023924448406,0.498023924446992,0.494267290451991,0.494267290090186,0.00191609236079216,0.00568866176720082,OK
Lambda_over_lambda,0.696,2,7.40544e-07,0.55,4.072992e-07,2.128e-06,1.064e-06,0.801486287419411,45.9217816067415,0.17049961053838,0.788064785538237,0.958564396076616,0.0414356039233828,0.999999999999999,1.20679796362667,0.887933531064313,0.318864432562353,15.1650704675866,11.1581018322708,4.00696863531587,0.516615016957757,-0.85621780187855,-0.986821446474303,0.161812956151117,-0.761339086660846,-0.64835391193578,0.17582304403211,0.82417695596789,-0.00532343349373024,-0.0361121704296536,0.497993791778113,0.497993791794109,0.494158049712604,0.494158048893489,0.0019453625891127,0.00579696547155034,OK
Lambda_over_lambda,0.699,2,7.43736e-07,0.55,4.090548e-07,2.128e-06,1.064e-06,0.797064159067143,45.6684123156914,0.166094153292189,0.792210132133103,0.958304285425291,0.0416957145747088,1,1.20869173345201,0.89066078309215,0.318030950359862,15.1888682810702,11.1923734920113,3.99649478905889,0.496094546721959,-0.868268507267616,-0.980697456234024,0.195531325715635,-0.754506692004623,-0.656292352324969,0.171853823837516,0.828146176162484,-0.00575967054532697,-0.0359360440293819,0.497963367639348,0.497963367602778,0.494047155726644,0.494047155786924,0.00197491718117465,0.00590690449244641,OK
Lambda_over_lambda,0.702,2,7.46928e-07,0.55,4.108104e-07,2.128e-06,1.064e-06,0.792699499983475,45.4183357711838,0.161805705395518,0.796168018825966,0.957973724221483,0.042026275778517,1,1.21055931738797,0.893349488002272,0.317209829385701,15.2123370329629,11.2261607543846,3.98617627857836,0.475582625281009,-0.879671055867375,-0.973532526316687,0.228548507331483,-0.747694686225471,-0.664042661423342,0.167978669288329,0.832021330711671,-0.00617296389281141,-0.0358533118857052,0.497932651221785,0.497932651249994,0.493934590971054,0.493934591142047,0.00200475686704658,0.00601849710616911,OK
Lambda_over_lambda,0.705,2,7.5012e-07,0.55,4.12566e-07,2.128e-06,1.064e-06,0.788390988471433,45.1714762455603,0.157633647460578,0.799947873613793,0.95758152107437,0.0424184789256301,1,1.21240123115541,0.896000533387581,0.316400697767829,15.2354832040042,11.2594747732118,3.97600843079238,0.455096036691198,-0.890442360508508,-0.965379890457219,0.26084797699198,-0.740904267938204,-0.671610650415071,0.164194674792465,0.835805325207535,-0.00656102733188696,-0.0358574515937427,0.497901641964111,0.497901641899442,0.493820336536725,0.493820336474468,0.0020348823404577,0.00613176172724208,OK
Lambda_over_lambda,0.708,2,7.53312e-07,0.55,4.143216e-07,2.128e-06,1.064e-06,0.784137349395697,44.9277606789487,0.153576938336375,0.803559092103359,0.957136030439734,0.0428639695602646,0.999999999999998,1.21421797733495,0.898614780256866,0.315603197078079,15.2583131098085,11.2923263682487,3.96598674155978,0.434650493411401,-0.900599216398296,-0.956291274317163,0.292415797563773,-0.734136501606183,-0.679001912375389,0.160499043812305,0.839500956187694,-0.00692210547593033,-0.0359418640843359,0.497870339062196,0.497870338992633,0.493704373233082,0.493704373341887,0.00206529430018272,0.00624671688883695,OK
Lambda_over_lambda,0.711,2,7.56504e-07,0.55,4.160772e-07,2.128e-06,1.064e-06,0.779937351917106,44.6871185494598,0.14963416608432,0.807010967814268,0.956645133898587,0.0433548661014132,1,1.21601004578257,0.901193064065644,0.314816981716931,15.2808329060877,11.3247260381388,3.95610686794889,0.414260686799626,-0.910158273803135,-0.94631687245656,0.323240432037879,-0.727392327728424,-0.686221831160905,0.156889084419548,0.843110915580452,-0.00725491833522787,-0.0360999477661849,0.497838741848121,0.497838741871539,0.49358668217495,0.493586682758884,0.00209599341768527,0.00636338123140197,OK
Lambda_over_lambda,0.714,2,7.59696e-07,0.55,4.178328e-07,2.128e-06,1.064e-06,0.775789807368346,44.4494817514733,0.145803596613384,0.810312632838899,0.956116229452284,0.0438837705477174,1,1.21777791402937,0.903736195697062,0.31404171833231,15.3030485936743,11.3566839727403,3.946364620934,0.393940335857848,-0.919136013756509,-0.935505334031427,0.353312566998044,-0.72067257226359,-0.69327558992581,0.153362205037095,0.846637794962905,-0.00755860842371039,-0.036325162124006,0.49780684977912,0.497806849788857,0.493467245230368,0.493467244750439,0.00212698033712831,0.00648177349304983,OK
Lambda_over_lambda,0.717,2,7.62888e-07,0.55,4.195884e-07,2.128e-06,1.064e-06,0.771693567260113,44.2147844813994,0.142083219584948,0.813473008152707,0.955556227737655,0.0444437722623458,1,1.21952204766602,0.906244962395777,0.31327708527024,15.3249660233534,11.3882100648613,3.93675595849203,0.37370223422945,-0.927548726553984,-0.923903756205789,0.38262494595731,-0.713977955350952,-0.700168179277574,0.149915910361213,0.850084089638787,-0.00783269077626464,-0.0366110814860805,0.497774662174134,0.497774662171073,0.493346041934879,0.493346041440344,0.00215825569961719,0.00660191256503823,OK
Lambda_over_lambda,0.72,2,7.6608e-07,0.55,4.21344e-07,2.128e-06,1.064e-06,0.767647521408031,43.9829631303587,0.138470791305119,0.816500762820938,0.954971554126057,0.0450284458739436,1,1.22124290071283,0.908720128657544,0.312522772055284,15.3465909005124,11.4193139214389,3.9272769790736,0.353558295461424,-0.935412492812883,-0.911557684359775,0.411172212199031,-0.707309099383524,-0.706904405085488,0.146547797457256,0.853452202542744,-0.00807700615213741,-0.0369514397218059,0.497742178417162,0.497742178416292,0.493223053258007,0.493223053286198,0.00218982012450025,0.00672381742216275,OK
Lambda_over_lambda,0.723,2,7.69272e-07,0.55,4.230996e-07,2.128e-06,1.064e-06,0.763650596171417,43.7539561832714,0.134963874431697,0.819404281310358,0.954368155742055,0.0456318442579452,1,1.22294091597596,0.911162437077045,0.311778478898912,15.3679287896178,11.4500048741929,3.91792391542488,0.333519596550198,-0.942743166889579,-0.898511118260452,0.438950760749257,-0.700666536483861,-0.713488895955438,0.143255552022281,0.856744447977719,-0.00829167759058408,-0.0373401666673607,0.497709397925873,0.497709397925021,0.49309826007812,0.49309826060744,0.00222167421220289,0.00684750714884838,OK
Lambda_over_lambda,0.726,2,7.72464e-07,0.55,4.248552e-07,2.128e-06,1.064e-06,0.759701752795789,43.5277041238897,0.131559874432948,0.822191638087239,0.953751512520187,0.0462484874798166,1,1.22461652539032,0.91357260915632,0.311043916234002,15.3889851185236,11.4802919897854,3.90869312873816,0.313596419795695,-0.949556362461609,-0.884806523440364,0.465958599102299,-0.694050715428835,-0.719926110384061,0.14003694480797,0.85996305519203,-0.00847707037502207,-0.0377714171047911,0.497676320147462,0.497676320105106,0.492971643375014,0.492971643394419,0.00225381854409706,0.00697300093423247,OK
Lambda_over_lambda,0.729,2,7.75656e-07,0.55,4.266108e-07,2.128e-06,1.064e-06,0.75579998585167,43.304149345348,0.128256072788483,0.824870578713801,0.953126651502284,0.0468733484977155,0.999999999999999,1.22627015034991,0.915951346076015,0.310318804273899,15.409765182623,11.5101840795124,3.8995811031106,0.293798292992902,-0.95586744009536,-0.870484847100737,0.49219521631971,-0.687462008065979,-0.726220343605087,0.136889828197456,0.863110171802544,-0.00863375540897329,-0.0382395930887429,0.497642944433541,0.497642944495148,0.492843182712184,0.49284318282881,0.0022862536966367,0.00710031810069567,OK
Lambda_over_lambda,0.732,2,7.78848e-07,0.55,4.283664e-07,2.128e-06,1.064e-06,0.751944321762903,43.0832360658415,0.125049656993863,0.827448506670792,0.952498163664655,0.0475018363353468,1,1.22790220202598,0.918299329431505,0.309602872594477,15.4302741488462,11.5396897085538,3.89058444029242,0.274134027994358,-0.961691496632672,-0.855585537922249,0.517661460124565,-0.68090071526033,-0.732375734140592,0.133812132929704,0.866187867070296,-0.00876247593584054,-0.0387393603995043,0.497609270418343,0.497609270388761,0.492712858907277,0.492712858615799,0.00231898019989698,0.00722947805073103,OK
Lambda_over_lambda,0.735,2,7.8204e-07,0.55,4.30122e-07,2.128e-06,1.064e-06,0.74813381741821,42.8649102490744,0.121937747474534,0.829932475174088,0.951870222648622,0.0481297773513788,1,1.22951308167364,0.920617221935824,0.308895859737821,15.4505170595139,11.5688172048073,3.88169985470657,0.254611757680073,-0.967043356241624,-0.840146569226741,0.542359421616825,-0.674367072407706,-0.738396270069304,0.130801864965348,0.869198135034652,-0.00886411749081427,-0.0392656598605641,0.497575297405955,0.497575297445764,0.49258065136082,0.492580651658007,0.00235199860419189,0.0073605003177793,OK
Lambda_over_lambda,0.738,2,7.85232e-07,0.55,4.318776e-07,2.128e-06,1.064e-06,0.744367558860289,42.6491195291505,0.118917421547421,0.832329183302031,0.951246604849452,0.0487533951505476,1,1.23110318092742,0.922905668091196,0.308197512836225,15.4704988360504,11.5975746673267,3.87292416872372,0.235238971374142,-0.971937562987889,-0.824204464988565,0.566292327241782,-0.667861254547296,-0.744285795024003,0.127857102487999,0.872142897512001,-0.008939680940578,-0.0398137142099698,0.497541025030443,0.497541025032489,0.492446541114582,0.492446540999857,0.00238530940795399,0.0074934045042258,OK
Lambda_over_lambda,0.741,2,7.88424e-07,0.55,4.336332e-07,2.128e-06,1.064e-06,0.740644660047159,42.4358131396038,0.115985734597356,0.834644975796856,0.950630710394212,0.049369289605789,1,1.23267288208615,0.92516529483087,0.30750758725528,15.4902242825648,11.6259699743876,3.86425430817724,0.216022548749286,-0.976388374793485,-0.807794328244848,0.589464437651208,-0.661383381103903,-0.750048013929488,0.124975993035256,0.875024006964744,-0.00899025843789983,-0.0403790311678877,0.497506452753224,0.497506452724597,0.492310507357279,0.492310507324464,0.00241891311319073,0.00762821034973618,OK
Lambda_over_lambda,0.744,2,7.91616e-07,0.55,4.353888e-07,2.128e-06,1.064e-06,0.73696426168092,42.2249418462915,0.113139738639551,0.836885845970388,0.950025584609938,0.049974415390062,1,1.23422255838775,0.927396712132823,0.306825846254927,15.509698089303,11.6540107911992,3.85568729810379,0.196968792262228,-0.98040975865949,-0.790949871500165,0.611880953105972,-0.654933520287687,-0.755686498492316,0.122156750753842,0.877843249246158,-0.00901701211429114,-0.0409574032757707,0.497471580086538,0.497471580083921,0.492172530145386,0.492172530236529,0.00245281020070582,0.00776493767506746,OK
Lambda_over_lambda,0.747,2,7.94808e-07,0.55,4.371444e-07,2.128e-06,1.064e-06,0.733325530099457,42.0164578838927,0.110376498471602,0.839057441176822,0.949433939648424,0.0505660603515751,0.999999999999999,1.23575257427425,0.929600513606834,0.306152060667415,15.5289248359786,11.6817045772821,3.84722025869651,0.178083458163904,-0.984015387038427,-0.773703448763182,0.633547925079041,-0.648511693177027,-0.761204692453131,0.119397653773434,0.880602346226566,-0.00902115530183241,-0.0415449050497432,0.497436406657984,0.497436406593415,0.492032589313615,0.492032589354602,0.00248700112176241,0.00790360640223943,OK
Lambda_over_lambda,0.75,2,7.98e-07,0.55,4.389e-07,2.128e-06,1.064e-06,0.729727656226966,41.8103148957786,0.107693105591031,0.841165070399283,0.948858175990315,0.0511418240096859,1,1.23726328564749,0.931777277056296,0.305486008591191,15.5479089949861,11.7090585935278,3.83885040145822,0.159371786129304,-0.987218635250549,-0.756086088891326,0.654472173728584,-0.642117877508168,-0.766605916611922,0.116697041694039,0.883302958305961,-0.00900393610300751,-0.0421378879066779,0.497400931941077,0.497400931926374,0.491890664121283,0.491890664667772,0.00252148633164904,0.00804423656084514,OK
Lambda_over_lambda,0.753,2,8.01192e-07,0.55,4.406556e-07,2.128e-06,1.064e-06,0.726169854579507,41.6064678770345,0.105086690083684,0.8432137135208,0.948300403604484,0.0516995963955168,1,1.23875504011588,0.933927565016095,0.304827475099783,15.5666549345015,11.7360799089583,3.83057502554321,0.140838527552212,-0.990032579846201,-0.738127529954433,0.674661210922465,-0.635752011193379,-0.771893373636264,0.114053313181868,0.885946686818132,-0.00896662309818409,-0.0427329732973317,0.497365155588529,0.497365155614673,0.491746735015232,0.491746734776641,0.00255626624712711,0.00818684824841419,OK
Lambda_over_lambda,0.756,2,8.04384e-07,0.55,4.424112e-07,2.128e-06,1.064e-06,0.72265136232206,41.4048731204333,0.102554430662319,0.845208031920842,0.947762462583162,0.0522375374168376,0.999999999999999,1.2402281772326,0.936051925267764,0.304176251964836,15.585166921476,11.7627754071992,3.82239151427683,0.122487972550275,-0.992469997823875,-0.71985625436013,0.694123168507293,-0.62941399558767,-0.777070152662142,0.111464923668929,0.888535076331071,-0.00891049300660958,-0.0433270444102287,0.497329077239703,0.49732907723986,0.491600780259669,0.491600780266886,0.00259134127106525,0.00833146170095229,OK
Lambda_over_lambda,0.759,2,8.07576e-07,0.55,4.441668e-07,2.128e-06,1.064e-06,0.719171438373847,41.2054881651742,0.100093563037754,0.84715238007513,0.947245943112884,0.0527540568871158,1,1.24168302872557,0.938150891333072,0.303532137392501,15.6034491245255,11.7891517926828,3.81429733184275,0.104323975725722,-0.99454336662047,-0.701299524512599,0.712866731527291,-0.623103698522567,-0.782139233696595,0.108930383151702,0.891069616848298,-0.00883682011394811,-0.0439172367731681,0.497292696489366,0.497292696464518,0.491452779714542,0.491452779934349,0.00262671179708561,0.00847809721010173,OK
Lambda_over_lambda,0.762,2,8.10768e-07,0.55,4.459224e-07,2.128e-06,1.064e-06,0.715729362558903,41.0082717482138,0.0977013867950136,0.849050817880987,0.946752204676001,0.0532477953240004,1,1.24311991871954,0.940224982947137,0.302894935772402,15.6215056167218,11.8152155965933,3.80629002012852,0.086349980726859,-0.996264864796742,-0.682483418802594,0.730901076110525,-0.616820957124001,-0.78710349183105,0.106448254084475,0.893551745915525,-0.00874686728946142,-0.044500928034538,0.497256012975486,0.497256012945562,0.491302712800215,0.491302712824375,0.00266237819762541,0.0086267751645925,OK
Lambda_over_lambda,0.765,2,8.1396e-07,0.55,4.47678e-07,2.128e-06,1.064e-06,0.712324434799104,40.8131837580304,0.0953752709339644,0.850907123472352,0.946282394406316,0.0537176055936849,1,1.24453916395058,0.942274706512067,0.302264457438514,15.6393403782877,11.8409731825671,3.79836719572057,0.0685690436549078,-0.997646373346915,-0.663432867750327,0.748235811752269,-0.61056558043005,-0.791965701273809,0.104017149363096,0.895982850636904,-0.00864187842913115,-0.0450757271645527,0.497219026348452,0.497219026364037,0.491150558495292,0.491150558237928,0.00269834082849077,0.00877751604873059,OK
Lambda_over_lambda,0.768,2,8.17152e-07,0.55,4.494336e-07,2.128e-06,1.064e-06,0.708955974347079,40.6201851906727,0.0931126582273726,0.852724806320157,0.945837464547529,0.0541625354524696,0.999999999999999,1.24594107397338,0.944300555532107,0.301640518441275,15.6569572992022,11.8664307521617,3.7905265470405,0.0509838553602113,-0.998699477567005,-0.644171690144367,0.764880927737481,-0.604337351823083,-0.796728539209851,0.101635730395074,0.898364269604926,-0.00852307216770173,-0.0456394632847692,0.497181736353107,0.497181736343322,0.490996295664958,0.490996295407397,0.00273460001625639,0.00893034043328339,OK
Lambda_over_lambda,0.771,2,8.20344e-07,0.55,4.511892e-07,2.128e-06,1.064e-06,0.70562331905659,40.4292381079557,0.0909110685327706,0.854507120450581,0.945418188983351,0.0545818110166481,0.999999999999999,1.24732595136149,0.946303011031184,0.301022940330309,15.6743601817167,11.8915943501019,3.78276583161479,0.0335967626710587,-0.999435469421625,-0.624722629039162,0.780846743456357,-0.598136031289695,-0.80139458949572,0.09930270525214,0.90069729474786,-0.00839163671936939,-0.0461901742972793,0.497144142651322,0.497144142626431,0.490839903270561,0.490839903291106,0.00277115608475586,0.00908526896841128,OK
Lambda_over_lambda,0.774,2,8.23536e-07,0.55,4.529448e-07,2.128e-06,1.064e-06,0.702325824688158,40.2403055976764,0.0887681011895618,0.856257077636255,0.945025178825817,0.0549748211741831,1,1.24869409190092,0.948282541953707,0.300411549947216,15.6915527427877,11.9164698693169,3.77508287347078,0.0164097885975547,-0.999865350353828,-0.605107387491401,0.796143862378736,-0.591961357520904,-0.805966346196917,0.0970168269015415,0.902983173098459,-0.00824872571197975,-0.0467260954622031,0.497106244956052,0.497106244942527,0.49068136065344,0.490681360294067,0.00280800933527588,0.00924232237492171,OK
Lambda_over_lambda,0.777,2,8.26728e-07,0.55,4.547004e-07,2.128e-06,1.064e-06,0.699062864247857,40.053351735729,0.0866814366155384,0.857977460446391,0.94465889706193,0.0553411029380707,1,1.25004578477727,0.95023960554943,0.299806179227844,15.7085386164287,11.9410630557766,3.76747556065208,-0.000575348447981474,-0.999999834487068,-0.585346663931236,0.8107831294647,-0.585813049863981,-0.810446216974983,0.0947768915125085,0.905223108487492,-0.00809545489697007,-0.0472456480411003,0.497068043046236,0.497068042991717,0.490520646111576,0.490520645695623,0.00284516004320527,0.00940152147479515,OK
Lambda_over_lambda,0.78,2,8.2992e-07,0.55,4.56456e-07,2.128e-06,1.064e-06,0.695833827357344,39.8683415500106,0.0846488372102805,0.859670835059966,0.944319672270246,0.0556803277297533,1,1.25138131275671,0.952174647743126,0.299206665013585,15.7253213559841,11.965379513137,3.75994184284712,-0.0173572163736607,-0.999849352172495,-0.565460187078806,0.824775591799855,-0.579690810136666,-0.814836526330954,0.0925817368345229,0.907418263165477,-0.00793289962424244,-0.047747428105511,0.497029536595134,0.497029536616378,0.490357738211937,0.490357738342156,0.00288260848732172,0.0095628871584049,OK
Lambda_over_lambda,0.783,2,8.33112e-07,0.55,4.582116e-07,2.128e-06,1.064e-06,0.692638119653332,39.6852409860132,0.0826681476629082,0.861339563764996,0.944007711427905,0.0559922885720949,1,1.25270095236096,0.954088103489799,0.298612848871165,15.7419044363286,11.9894247072039,3.75247972912469,-0.0339346520341649,-0.99942405383867,-0.545466750329264,0.838132462254764,-0.573594324313431,-0.819139518711811,0.0904302406440943,0.909569759355906,-0.00776209298118606,-0.0482301955909092,0.49699072549352,0.496990725477765,0.490192616259913,0.490192616182015,0.00292035489441736,0.0097264403713215,OK
Lambda_over_lambda,0.786,2,8.36304e-07,0.55,4.599672e-07,2.128e-06,1.064e-06,0.689475162214814,39.5040168740066,0.0807372947467991,0.86298581708833,0.943723111835129,0.0562768881648706,1,1.25400497403665,0.955980397116111,0.298024576920534,15.7582912559943,12.0132039702233,3.74508728577103,-0.05030674472224,-0.998733814104365,-0.525384245541079,0.850865085978518,-0.567523264092974,-0.823357361486042,0.088321319256979,0.911678680743021,-0.00758402451017987,-0.0486928636546908,0.496951609472508,0.496951609434294,0.490025258214741,0.490025258355518,0.00295839950387075,0.00989220216044007,OK
Lambda_over_lambda,0.789,2,8.39496e-07,0.55,4.617228e-07,2.128e-06,1.064e-06,0.686344391016497,39.324636897722,0.0788542866839882,0.86461158550613,0.943465872190118,0.0565341278098807,0.999999999999999,1.25529364231904,0.957851942648649,0.297441699670393,15.7744851392299,12.0367225050068,3.73776263422307,-0.0664728204881913,-0.997788236118438,-0.505229696172925,0.862984909546519,-0.561477288355342,-0.827492147794245,0.0862539261028775,0.913746073897122,-0.00739963941888935,-0.0491344883909923,0.496912188327611,0.496912188316368,0.489855643058325,0.489855642831118,0.00299674253008222,0.0100601936155092,OK
Lambda_over_lambda,0.792,2,8.42688e-07,0.55,4.634784e-07,2.128e-06,1.064e-06,0.683245256406962,39.1470695644527,0.0770172121414817,0.866218690708586,0.943235902850067,0.0567640971499336,1,1.25656721599064,0.959703144129658,0.296864071860984,15.7904893379919,12.059985388899,3.73050394909287,-0.0824324272514361,-0.996596656093847,-0.485019289723512,0.874503452592441,-0.555456044516421,-0.831545899280474,0.0842270503597631,0.915772949640237,-0.00720983821828139,-0.0495542589316511,0.496872461919609,0.496872461925309,0.489683748587953,0.489683748617698,0.00303538416089576,0.010230435919533,OK
Lambda_over_lambda,0.795,2,8.4588e-07,0.55,4.65234e-07,2.128e-06,1.064e-06,0.680177222610198,38.9712841764946,0.0752242389278755,0.867808796389586,0.943033035317462,0.0569669646825387,1,1.25782594823457,0.961534395920797,0.29629155231377,15.8063070338733,12.0829975775947,3.72330945627862,-0.0981853206692485,-0.995168148005691,-0.464768409437258,0.885432281763637,-0.549459169787094,-0.835520568709638,0.0822397156451808,0.917760284354819,-0.00701547671730533,-0.0499514879652327,0.496832430104533,0.496832430105379,0.489509553548528,0.48950955363844,0.00307432456983441,0.0104029502942049,OK
Lambda_over_lambda,0.798,2,8.49072e-07,0.55,4.669896e-07,2.128e-06,1.064e-06,0.677139767249227,38.7972508038516,0.073473612437049,0.869383418554574,0.942857030991623,0.0571429690083767,1,1.25907008678311,0.963346082995462,0.295724003787649,15.8219413399699,12.1057639088122,3.71617743115776,-0.113731450728964,-0.993511528425858,-0.444491665246023,0.895782986848275,-0.543486292343711,-0.839418042476147,0.0802909787619265,0.919709021238074,-0.00681736632487741,-0.0503256026834995,0.496792092725641,0.496792092748529,0.489333036283132,0.489333036085378,0.00311356391973493,0.0105777580299359,OK
Lambda_over_lambda,0.801,2,8.52264e-07,0.55,4.687452e-07,2.128e-06,1.064e-06,0.674132380890642,38.6249402581395,0.0717636538941312,0.870943935332553,0.942707589226684,0.0572924107733154,0.999999999999999,1.26029987406157,0.965138581220196,0.295161292841374,15.8373953026879,12.1282891058298,3.70910619685811,-0.129070949031141,-0.991635361469225,-0.424202923923693,0.905567158931125,-0.537537032416048,-0.84324014300871,0.0783799284956452,0.921620071504355,-0.00661627460151402,-0.050676136171802,0.496751449697519,0.496751449712681,0.489154174565132,0.489154174593151,0.00315310234449756,0.0107548804875438,OK
Lambda_over_lambda,0.804,2,8.55456e-07,0.55,4.705008e-07,2.128e-06,1.064e-06,0.671154566608907,38.4543240676223,0.0700927584369888,0.872491596299866,0.942584354736855,0.0574156452631438,0.999999999999999,1.26151554732753,0.966912257625664,0.294603289701867,15.8526719034939,12.1505777808908,3.70209412260308,-0.144204116732349,-0.989547963828658,-0.403915338436389,0.914796370443071,-0.531611003298594,-0.846988631075921,0.0765056844620395,0.923494315537961,-0.00641292602505077,-0.0510027192380943,0.496710500940634,0.496710500886388,0.488972946883985,0.488972946959293,0.00319293996231395,0.0109343390631012,OK
Lambda_over_lambda,0.807,2,8.58648e-07,0.55,4.722564e-07,2.128e-06,1.064e-06,0.668205839569409,38.2853744533229,0.0684593930775042,0.874027531312217,0.942486924389721,0.0575130756102781,0.999999999999999,1.2627173388058,0.968667470667657,0.294049868138139,15.867774060611,12.1726344384837,3.6951396221273,-0.159131413117324,-0.987257409878135,-0.383641376476241,0.923482156977283,-0.525707812290445,-0.850665207997126,0.074667396001437,0.925332603998563,-0.00620800292393277,-0.051305072686346,0.496669246278532,0.496669246291382,0.48878933132393,0.488789331271726,0.00323307690013873,0.0111161552127526,OK
Lambda_over_lambda,0.81,2,8.6184e-07,0.55,4.74012e-07,2.128e-06,1.064e-06,0.665285726629256,38.1180643061506,0.06686209456809,0.875552758859143,0.942414853427233,0.0575851465727676,1,1.2639054758191,0.970404570478563,0.293500905340537,15.8827046306608,12.1944634785017,3.68824115215913,-0.173853444771485,-0.984771536825211,-0.363392848171165,0.931636000752466,-0.519827061568755,-0.854271517762821,0.0728642411185894,0.927135758881411,-0.00600214655049941,-0.051583000022268,0.496627685764103,0.496627685756883,0.488603305744275,0.488603305734438,0.00327351321921125,0.0113003504455302,OK
Lambda_over_lambda,0.813,2,8.65032e-07,0.55,4.757676e-07,2.128e-06,1.064e-06,0.662393765954901,37.9523671649923,0.0652994672055148,0.877068193947438,0.942367661152953,0.057632338847046,0.999999999999999,1.26508018091477,0.972123899109718,0.292956281805053,15.8974664102556,12.2160691992886,3.68139721096694,-0.188370955325835,-0.98209794989585,-0.343180932967369,0.939269315610622,-0.513968349000414,-0.857809149068596,0.0710954254657021,0.928904574534298,-0.00579595826018733,-0.0518363805868597,0.496585819314244,0.496585819283866,0.488414848289157,0.488414848164439,0.00331424899828779,0.0114869463068563,OK
Lambda_over_lambda,0.816,2,8.68224e-07,0.55,4.775232e-07,2.128e-06,1.064e-06,0.65952950665574,37.7882571957192,0.0637701805912323,0.878574655531389,0.942344836122622,0.0576551638773782,1,1.26624167198748,0.973825790765027,0.292415881222457,15.9120621375405,12.2374558005747,3.67460633696582,-0.202684815747405,-0.979244027536263,-0.323016205684613,0.946393433443574,-0.508131268896147,-0.861279637266545,0.0693601813667273,0.930639818633273,-0.00559000077549497,-0.0520651631018834,0.49654364689608,0.496543646859461,0.488223936617966,0.488223936767943,0.00335528429154545,0.0116759643952309,OK
Lambda_over_lambda,0.819,2,8.71416e-07,0.55,4.792788e-07,2.128e-06,1.064e-06,0.656692508432851,37.6257091710616,0.0622729673716256,0.880072873502044,0.942345840873669,0.0576541591263315,1,1.26739016239825,0.975510572026235,0.291879590372015,15.9264944936893,12.2586273863072,3.66786710738208,-0.216796015149457,-0.976216926617909,-0.302908661747608,0.953019591948808,-0.502315412711057,-0.864684466237783,0.0676577668811084,0.932342233118892,-0.00538479950948275,-0.0522693596168481,0.496501168489713,0.496501168494179,0.488030549041023,0.488030549011495,0.00339661913724604,0.0118674263290799,OK
Lambda_over_lambda,0.822,2,8.74608e-07,0.55,4.810344e-07,2.128e-06,1.064e-06,0.653882341242137,37.4646984513075,0.0608066209745522,0.881563495253088,0.94237011622764,0.0576298837723605,1,1.26852586108978,0.9771785620702,0.291347299019578,15.9407661043533,12.2795879673807,3.66117813697254,-0.230705652096777,-0.973023587633209,-0.282867741599466,0.959158923621324,-0.496520369695317,-0.86802507018958,0.0659874649052098,0.93401253509479,-0.0051808439306576,-0.0524490398417025,0.496458384180318,0.496458384129143,0.487834662982069,0.487834663166295,0.00343825353282209,0.0120613537839766,OK
Lambda_over_lambda,0.825,2,8.778e-07,0.55,4.8279e-07,2.128e-06,1.064e-06,0.651098584971118,37.3052009657851,0.0593699933545411,0.883047091842821,0.942417085197362,0.0575829148026376,1,1.26964897269833,0.978830072878502,0.290818899819826,15.9548795410676,12.3003414642714,3.65453807679612,-0.244414926382276,-0.96967073987078,-0.262902354305563,0.964822445893851,-0.490745727498359,-0.871302835380505,0.0643485823097477,0.935651417690252,-0.00497858895520664,-0.0526043258474314,0.496415293908723,0.496415293886013,0.487636256708046,0.487636256585783,0.0034801875018434,0.0122577684430083,OK
Lambda_over_lambda,0.828,2,8.80992e-07,0.55,4.845456e-07,2.128e-06,1.064e-06,0.648340829128736,37.147193195089,0.0579619927617176,0.884524163767834,0.942486156529552,0.0575138434704474,0.999999999999999,1.27075969766219,0.980465409439712,0.290294288222481,15.9688373226141,12.3208917095788,3.6479456130353,-0.257925131252251,-0.966164906560215,-0.243020900358213,0.970021052343238,-0.484991072729849,-0.874519101776714,0.062740449111643,0.937259550888357,-0.00477845634992542,-0.0527353871205228,0.496371897768046,0.496371897770296,0.487435307581924,0.487435307459925,0.0035224210141145,0.0124566920401212,OK
Lambda_over_lambda,0.831,2,8.84184e-07,0.55,4.863012e-07,2.128e-06,1.064e-06,0.645608672547501,36.9906521540154,0.0565815815431489,0.885995146368023,0.942576727911172,0.0574232720888285,1,1.27185823232693,0.982084869944628,0.289773362382301,15.9826419163439,12.3412424504789,3.641399465865,-0.271237646058545,-0.962512409977461,-0.223231293694242,0.974765504885968,-0.47925599148037,-0.877675164642459,0.0611624176787704,0.93883758232123,-0.00458083613562148,-0.052842435953207,0.496328195844426,0.496328195829621,0.487231793424586,0.487231793461109,0.00356495402815332,0.0126581463196534,OK
Lambda_over_lambda,0.834,2,8.87376e-07,0.55,4.880568e-07,2.128e-06,1.064e-06,0.642901723097402,36.8355553751695,0.0552277739839846,0.887460414882509,0.942688188866494,0.0573118111335055,0.999999999999999,1.27294476904743,0.983688745974761,0.289256023072668,15.9962957394598,12.3613973510931,3.63489838836677,-0.284353929316796,-0.958719376502895,-0.203540982939023,0.979066426890544,-0.473540069804568,-0.880772276067705,0.0596138619661476,0.940386138033852,-0.00438608798216308,-0.052925723151343,0.496284188178013,0.496284188193797,0.487025692156146,0.487025692110301,0.00360778650443019,0.0128621530420887,OK
Lambda_over_lambda,0.837,2,8.90568e-07,0.55,4.898124e-07,2.128e-06,1.064e-06,0.640219597411004,36.6818808932152,0.0538996341968479,0.888920289173056,0.942819923369904,0.0571800766300969,1,1.27401949628697,0.985277322684352,0.288742173602621,16.0098011602613,12.3813599947751,3.62844116548617,-0.297275512150867,-0.954791741625073,-0.183956971891795,0.982934297139133,-0.46784289416933,-0.883811646435633,0.0580941767821833,0.941905823217817,-0.00419454258533535,-0.0529855340447607,0.49623987491764,0.496239874919428,0.486816981291049,0.486816981290079,0.00365091835815375,0.0130687339940952,OK
Lambda_over_lambda,0.84,2,8.9376e-07,0.55,4.91568e-07,2.128e-06,1.064e-06,0.637561920619201,36.529607229735,0.0525962740645479,0.890375038133393,0.942971312197941,0.0570286878020594,1,1.27508259871335,0.986850878976188,0.288231719737165,16.0231604993522,12.4011338863209,3.62202661303131,-0.310003992104429,-0.950735254883986,-0.164485839268122,0.986379444575089,-0.462164051869411,-0.886794445832657,0.0566027770836717,0.943397222916328,-0.00400650301912379,-0.0530221847829354,0.496195256153093,0.496195256157456,0.486605638621442,0.486605638568582,0.00369434951149098,0.0132779109660436,OK
Lambda_over_lambda,0.843,2,8.96952e-07,0.55,4.933236e-07,2.128e-06,1.064e-06,0.634928326097124,36.3787133786713,0.0513168512377774,0.891824883804597,0.943141735042375,0.0568582649576259,1,1.27613425729216,0.988409687671451,0.287724569620708,16.0363760308133,12.4207224541024,3.61565357671081,-0.322541027301533,-0.946555484748397,-0.145133757716119,0.989412043777111,-0.456503131412715,-0.889721805403456,0.055139097298272,0.944860902701728,-0.00382224606049458,-0.0530360188971308,0.496150332045628,0.496150332022949,0.486391641701082,0.486391641724827,0.00373807985166718,0.0134897057618259,OK
Lambda_over_lambda,0.846,2,9.00144e-07,0.55,4.950792e-07,2.128e-06,1.064e-06,0.632318455219726,36.2291787923223,0.0500605671954261,0.893270005209304,0.94333057240473,0.0566694275952699,1,1.27717464937735,0.989954015673858,0.287220633703493,16.04944998334,12.4401290521308,3.6093209312092,-0.334888330938748,-0.942257823422581,-0.125906512123835,0.992042111104569,-0.450859722877295,-0.892594818653463,0.0537025906732684,0.946297409326732,-0.00364202347784223,-0.0530274041174273,0.496105102715509,0.496105102706802,0.486174968321306,0.486174968280594,0.00378210926939924,0.0137041401815649,OK
Lambda_over_lambda,0.849,2,9.03336e-07,0.55,4.968348e-07,2.128e-06,1.064e-06,0.629731957126593,36.0809833678671,0.0488266653662189,0.894710541924875,0.943537207291094,0.0564627927089065,1,1.27820394879918,0.991484124128309,0.286719824670874,16.0623845413479,12.4593569620496,3.60302757929828,-0.347047666092339,-0.93784749157838,-0.106809517235613,0.994279501462187,-0.445233418242024,-0.895414542701046,0.0522927286494771,0.947707271350523,-0.00346606328325821,-0.0529967294256477,0.496059568374029,0.496059568344453,0.485955596063257,0.485955595956725,0.00382643761181808,0.0139212360301758,OK
Lambda_over_lambda,0.852,2,9.06528e-07,0.55,4.985904e-07,2.128e-06,1.064e-06,0.627168488495557,35.9341074343945,0.0476144293121842,0.896146597412518,0.943761026724702,0.0562389732752983,1,1.27922232594958,0.993000268574257,0.286222057375324,16.075181846045,12.4784093950623,3.5967724509827,-0.359020840824617,-0.933329543009105,-0.0878478345956774,0.996133905635608,-0.439623811692729,-0.898181999481595,0.0509090002592025,0.949090999740798,-0.00329457094701827,-0.05294440232828,0.496013729178586,0.49601372915963,0.485733502467951,0.485733502512364,0.00387106473564299,0.0141410151080221,OK
Lambda_over_lambda,0.855,2,9.0972e-07,0.55,5.00346e-07,2.128e-06,1.064e-06,0.624627713324716,35.7885317404137,0.0464231809823302,0.89757824211043,0.94400142309276,0.0559985769072401,1,1.28022994786508,0.99450269909402,0.285727248771056,16.0878439964743,12.497289493796,3.59055450267829,-0.370809703574353,-0.928708869202346,-0.0690261888374855,0.997614848152618,-0.434030499905454,-0.900898176905593,0.0495509115472034,0.950449088452797,-0.00312773056487316,-0.0528708463423668,0.495967585350285,0.495967585347896,0.485508665444305,0.485508665345065,0.0039159904631469,0.0143634991949702,OK
Lambda_over_lambda,0.858,2,9.12912e-07,0.55,5.021016e-07,2.128e-06,1.064e-06,0.622109302722469,35.644237441824,0.0452522790253764,0.899005516316856,0.944257795342232,0.0557422046577677,1,1.28122697830733,0.995991660456214,0.285235317851119,16.1003730505255,12.5160003341038,3.58437271642169,-0.382416138816865,-0.92399020382924,-0.0503489833374766,0.998731685627768,-0.42845308230842,-0.903564029972649,0.0482179850136754,0.951782014986325,-0.00296570598829898,-0.0527764986694688,0.495921137109216,0.495921137139662,0.485281062381899,0.485281062388092,0.00396121460717892,0.0145887100714036,OK
Lambda_over_lambda,0.861,2,9.16104e-07,0.55,5.038572e-07,2.128e-06,1.064e-06,0.619612934705217,35.501206090324,0.0441011171717217,0.900428432867097,0.944529550038819,0.0554704499611819,1,1.28221357784141,0.997467392254516,0.28474618558689,16.1127710259186,12.5345449268086,3.57822609910996,-0.393842062980029,-0.919178127148179,-0.0318203152520001,0.999493605550963,-0.422891161324137,-0.906180481843393,0.0469097590783038,0.953090240921696,-0.00280864190658209,-0.0526618080545991,0.495874384745278,0.495874384730966,0.485050671111337,0.485050671158571,0.00400673693991221,0.0148166694859057,OK
Lambda_over_lambda,0.864,2,9.19296e-07,0.55,5.056128e-07,2.128e-06,1.064e-06,0.617138294002378,35.35941962224,0.0429691226787768,0.901846979623075,0.944816102301852,0.0551838976981483,1,1.28318990391176,0.998930129041916,0.284259774869843,16.1250399011591,12.5529262193904,3.57211368176875,-0.405089420603127,-0.914277070321368,-0.0134439899561494,0.999909625483253,-0.417344342593039,-0.908748424871033,0.0456257875644833,0.954374212435517,-0.00265666488570646,-0.0525272328124414,0.495827328453927,0.495827328446063,0.484817469323707,0.484817469348352,0.00405255726648153,0.0150473991672116,OK
Lambda_over_lambda,0.867,2,9.22488e-07,0.55,5.073684e-07,2.128e-06,1.064e-06,0.614685071868412,35.2188603477557,0.0418557548397154,0.903261121787372,0.945116876627088,0.0548831233729128,1,1.28415611091614,1.00038010046065,0.28377601045549,16.1371816164664,12.5711470976184,3.56603451884795,-0.416160180726038,-0.90929131964298,0.00477646509685181,0.999988592625525,-0.411812235179869,-0.911268721594327,0.0443656392028363,0.955634360797164,-0.00250988436312089,-0.0523732390097915,0.495779968534728,0.495779968539517,0.484581434702294,0.484581434701503,0.00409867533712649,0.0152809208159202,OK
Lambda_over_lambda,0.87,2,9.2568e-07,0.55,5.09124e-07,2.128e-06,1.064e-06,0.612252965901525,35.0795109405245,0.0407605035556548,0.904670804052759,0.945431307608414,0.0545686923915862,1,1.28511235027739,1.00181753136797,0.283294818909417,16.1491980746758,12.5892103871323,3.5599876875435,-0.42705633349691,-0.904225020678025,0.022837787077154,0.999739183728145,-0.406294451764056,-0.913742205693567,0.0431288971532164,0.956871102846783,-0.00236839359756161,-0.0522002987940247,0.495732305294309,0.495732305293273,0.484342544976064,0.484342544970686,0.00414509088886339,0.0155172560980705,OK
Lambda_over_lambda,0.873,2,9.28872e-07,0.55,5.108796e-07,2.128e-06,1.064e-06,0.609841679868781,34.9413544276494,0.0396828879690127,0.90607595259971,0.945758840568722,0.054241159431278,1,1.2860587705132,1.00324264195789,0.282816128555316,16.161091142116,12.6071188549716,3.55397228714435,-0.437779886986932,-0.899082182311333,0.0407369650223711,0.999169905311787,-0.400790608815084,-0.916169682911214,0.0419151585443931,0.958084841455607,-0.00223227057538034,-0.0520088888558973,0.495684339037639,0.495684339024413,0.484100777931821,0.484100777915388,0.00419180365115012,0.0157564266396521,OK
Lambda_over_lambda,0.876,2,9.32064e-07,0.55,5.126352e-07,2.128e-06,1.064e-06,0.607450923537342,34.8043741800138,0.0386224551575081,0.907476476951875,0.946098932109383,0.0539010678906179,1,1.28699551730401,1.00465564787908,0.28233986942493,16.1728626494611,12.6248752110577,3.54798743840344,-0.448332864201535,-0.893866680706272,0.0584712276061619,0.998289094171738,-0.39530032675403,-0.918551931938612,0.0407240340306939,0.959275965969306,-0.00210157887318586,-0.0517994890174315,0.495636070079668,0.495636070073953,0.483856111370809,0.483856111355467,0.0042388133412742,0.0159984540229963,OK
Lambda_over_lambda,0.879,2,9.35256e-07,0.55,5.143908e-07,2.128e-06,1.064e-06,0.605080412511563,34.6685539029474,0.037578778885462,0.908872271701665,0.946451050587127,0.0535489494128722,0.999999999999999,1.28792273355893,1.0060567603491,0.281865973209827,16.1845143925601,12.6424821096284,3.54203228293173,-0.458717300277629,-0.888582263173198,0.0760380314134646,0.997104918139894,-0.389823230102068,-0.920889705270284,0.0395551473648581,0.960444852635142,-0.00197636847939604,-0.0515725809334767,0.495587498779069,0.495587498773071,0.483608523145804,0.483608523144471,0.00428611964572296,0.0162433597805546,OK
Lambda_over_lambda,0.882,2,9.38448e-07,0.55,5.161464e-07,2.128e-06,1.064e-06,0.602729868075718,34.5338776272155,0.0365514584140844,0.910263218112444,0.946814676526529,0.0531853234734716,1,1.2888405594799,1.00744618626496,0.28139437321494,16.1960481332424,12.6599421506282,3.53610598261424,-0.468935239857202,-0.883232551947712,0.0934350497049109,0.995625377080476,-0.384358947616921,-0.923183730027135,0.0384081349864327,0.961591865013567,-0.0018566765723483,-0.0513286469011227,0.495538625497961,0.495538625483017,0.48335799116974,0.483357991171747,0.0043337222411296,0.0164911653893752,OK
Lambda_over_lambda,0.885,2,9.4164e-07,0.55,5.17902e-07,2.128e-06,1.064e-06,0.600399017042093,34.4003297003151,0.0355401173646625,0.911649185611019,0.947189302975682,0.0528106970243183,1,1.28974913262407,1.00882412831029,0.280925004313775,16.2074656001023,12.677257881055,3.53020771904734,-0.478988734627944,-0.877821047879077,0.110660161653212,0.993858304097161,-0.378907112418083,-0.925434708749888,0.037282645625056,0.962717354374944,-0.00174252826039349,-0.0510681687639248,0.49548945060005,0.495489450595644,0.483104493394546,0.483104493394349,0.00438162079836834,0.0167418922665582,OK
Lambda_over_lambda,0.888,2,9.44832e-07,0.55,5.196576e-07,2.128e-06,1.064e-06,0.598087591604241,34.267894778067,0.0345444026366494,0.913030033175595,0.947574435812244,0.0524255641877562,1,1.29064858796449,1.01019078505924,0.280457802905246,16.2187684892611,12.6944317962649,3.52433669299622,-0.4888798410221,-0.8723511340293,0.127711442034706,0.991811366930938,-0.373467362101615,-0.927643320163985,0.0361783399180076,0.963821660081992,-0.00163393728135826,-0.0507916269063978,0.495439974504076,0.495439974482204,0.482848007841639,0.482848007817656,0.00442981494672666,0.0169955617628606,OK
Lambda_over_lambda,0.891,2,9.48024e-07,0.55,5.214132e-07,2.128e-06,1.064e-06,0.595795329195182,34.1365578164914,0.0335639833769164,0.914405610629602,0.947969594006519,0.0520304059934817,1,1.29153905794914,1.01154635107709,0.279992706872054,16.2299584651092,12.7114663412374,3.51849212387186,-0.49861061806507,-0.866826079183575,0.144587151359671,0.989492069529461,-0.368039338845144,-0.929810219917177,0.0350948900414114,0.964905109958589,-0.001530906664495,-0.0504994993289863,0.495390197594068,0.495390197581385,0.482588512565086,0.482588512543356,0.00447830433330149,0.0172521951584829,OK
Lambda_over_lambda,0.894,2,9.51216e-07,0.55,5.231688e-07,2.128e-06,1.064e-06,0.593521972350338,34.0063040639547,0.0325985499989109,0.915775759849037,0.948374309847948,0.0516256901520518,1,1.29242067255835,1.01289101701781,0.279529655540541,16.2410371610275,12.7283639118009,3.51267324922659,-0.508183125365832,-0.861249041272857,0.161285726425319,0.986907753770056,-0.362622689503838,-0.931936041290926,0.0340319793545369,0.965968020645463,-0.00143342935562602,-0.050192260796426,0.495340120305481,0.495340120312866,0.482325985722011,0.482325985710432,0.00452708856693132,0.0175118136552465,OK
Lambda_over_lambda,0.897,2,9.54408e-07,0.55,5.249244e-07,2.128e-06,1.064e-06,0.591267268575019,33.8771190535767,0.0316478132493999,0.917140315891654,0.948788129141054,0.0512118708589447,0.999999999999998,1.29329355936067,1.01422496971869,0.279068589641979,16.2520061800899,12.7451268558223,3.50687932426762,-0.517599421241574,-0.855623070709519,0.177805771275856,0.98406560131985,-0.357217065697974,-0.934021395886694,0.0329893020566528,0.967010697943347,-0.00134148880725285,-0.0498703820516935,0.495289743093636,0.495289743108653,0.482060405526289,0.482060405553045,0.00457616723623508,0.0177744383724533,OK
Lambda_over_lambda,0.9,2,9.576e-07,0.55,5.2668e-07,2.128e-06,1.064e-06,0.589030970216274,33.7489885958886,0.0307115033210502,0.918499108055498,0.949210611376548,0.0507893886234509,0.999999999999999,1.29415784356729,1.01554839229207,0.27860945127522,16.2628670957464,12.7617574743587,3.50110962138766,-0.526861560969252,-0.849951113637157,0.194146048554364,0.980972635617695,-0.351822123892624,-0.936066874288201,0.0319665628558994,0.968033437144101,-0.00125505953484929,-0.0495343290886022,0.495239066414829,0.495239066432936,0.481791750312922,0.48179175034793,0.00462553992486551,0.0180400903390912,OK
Lambda_over_lambda,0.903,2,9.60792e-07,0.55,5.284356e-07,2.128e-06,1.064e-06,0.586812834338923,33.6218987717298,0.0297893690108809,0.919851960872501,0.949641329883382,0.0503586701166187,1,1.29501364808494,1.01686146421428,0.278152183870655,16.2736214524886,12.7782580227766,3.49536342971202,-0.535971595157301,-0.844236015095624,0.210305471231734,0.977635723963685,-0.346437525470093,-0.938073046700607,0.0309634766496967,0.969036523350303,-0.00117410763881575,-0.0491845624778025,0.495188090753658,0.495188090753074,0.481519998463894,0.481519998500358,0.00467520618989735,0.0183087904905191,OK
Lambda_over_lambda,0.906,2,9.63984e-07,0.55,5.301912e-07,2.128e-06,1.064e-06,0.584612622605622,33.4958359253765,0.028881176919353,0.921198695047625,0.950079871966978,0.0499201280330222,1,1.29586109356742,1.01816436141198,0.277696732155435,16.2842707664969,12.7946307118353,3.48964005466163,-0.544931568230902,-0.838480522102577,0.226283094698222,0.97406157970315,-0.341062936795555,-0.940040463567602,0.0299797682161992,0.970020231783801,-0.00109859129684625,-0.0488215367361756,0.495136816582234,0.495136816581826,0.481245128488232,0.481245128476408,0.00472516559989895,0.0185805596597847,OK
Lambda_over_lambda,0.909,2,9.67176e-07,0.55,5.319468e-07,2.128e-06,1.064e-06,0.582430101160779,33.3707866578902,0.0279867106911726,0.922539128348226,0.950525839039399,0.0494741609606008,0.999999999999999,1.29670029846577,1.01945725634586,0.277243042119903,16.294816526271,12.8108777087399,3.48393881753109,-0.553743517024646,-0.832687286652784,0.24207810920371,0.970256764492965,-0.335698029276414,-0.941969656167295,0.0290151719163526,0.970984828083647,-0.00102846122517999,-0.0484456997354215,0.495085244417736,0.495085244417985,0.480967118914958,0.480967118922034,0.00477541768107055,0.0188554185754996,OK
Lambda_over_lambda,0.912,2,9.70368e-07,0.55,5.337024e-07,2.128e-06,1.064e-06,0.580265040518196,33.2467378206803,0.027105770294582,0.923873076452106,0.950978846746688,0.049021153253311,0.999999999999999,1.29753137907709,1.02074031809191,0.276791060985179,16.3052601932432,12.8270011381618,3.47825905508145,-0.56240946947668,-0.826858868636577,0.257689832633094,0.966227690638976,-0.330342479415795,-0.943861137187788,0.0280694314061058,0.971930568593894,-0.000963661111523829,-0.048057492141788,0.495033374786618,0.495033374782214,0.480685948491442,0.480685948477363,0.00482596194924567,0.0191333878489451,OK
Lambda_over_lambda,0.915,2,9.7356e-07,0.55,5.35458e-07,2.128e-06,1.064e-06,0.57811721545226,33.1236765092698,0.0262381713387333,0.925200353760396,0.951438525099129,0.0485614749008719,1,1.29835444959211,1.02201371242024,0.276340737171866,16.3156032023767,12.8430030832299,3.47260011914689,-0.570931443418773,-0.820997738678832,0.273117703603727,0.961980623494167,-0.324995968860601,-0.945715401283261,0.0271422993583695,0.972857700641631,-0.000904128019636217,-0.0476573468812348,0.494981208220569,0.494981208222488,0.480401595996504,0.480401595975959,0.00487679791767415,0.0194144879744263,OK
Lambda_over_lambda,0.918,2,9.76752e-07,0.55,5.372136e-07,2.128e-06,1.064e-06,0.575986404892584,33.0015900572584,0.0253837444257217,0.92652077418454,0.951904518610262,0.0480954813897392,1,1.2991696221415,1.02327760187167,0.275892020269828,16.325846962747,12.8588855864921,3.46696137625496,-0.579311445456981,-0.815106280899947,0.288361274872186,0.957521683908039,-0.319658184444533,-0.947532925611361,0.0262335371943195,0.97376646280568,-0.000849792768597812,-0.0472456886211402,0.494928745288802,0.49492874527964,0.480114040366723,0.480114040331703,0.00492792505666086,0.0196987393185787,OK
Lambda_over_lambda,0.921,2,9.79944e-07,0.55,5.389692e-07,2.128e-06,1.064e-06,0.573872391821926,32.8804660304743,0.0245423345364565,0.927834151914341,0.952376486450798,0.0476235135492017,1,1.29997700684097,1.02453214583197,0.275444861008997,16.335992858109,12.8746506508493,3.46134220725971,-0.587551469937872,-0.809186795600278,0.303420207038102,0.952856850718383,-0.314328818226423,-0.949314170352671,0.0253429148236644,0.974657085176336,-0.000800580287207892,-0.0468229332619942,0.494875986546327,0.494875986539742,0.479823260632958,0.479823260614969,0.00497934285963995,0.0199861621164466,OK
Lambda_over_lambda,0.924,2,9.83136e-07,0.55,5.407248e-07,2.128e-06,1.064e-06,0.571774963177297,32.7602922213072,0.0237138004497173,0.929140302174301,0.952854102624018,0.0471458973759805,0.999999999999999,1.30077671183523,1.02577750060406,0.274999211231167,16.346042247449,12.8903002404617,3.45574200698728,-0.595653497995509,-0.80324150186959,0.318294262533142,0.947991963277371,-0.309007567524202,-0.951059579212983,0.0244702103935086,0.975529789606492,-0.000756409943791274,-0.0463894874321905,0.494822932585234,0.494822932583128,0.479529236011328,0.479529235974776,0.00503105077743812,0.0202767764619472,OK
Lambda_over_lambda,0.927,2,9.86328e-07,0.55,5.424804e-07,2.128e-06,1.064e-06,0.569693909754109,32.6410566432173,0.0228980141897933,0.930439041980331,0.953337056170124,0.0466629438298759,1,1.30156884334077,1.02701381947803,0.274555023862741,16.3559964655229,12.9058362816295,3.45016018389343,-0.603619496674696,-0.797272540123004,0.332983299883727,0.942932724004498,-0.303694134944856,-0.952769579909065,0.0236152100454676,0.976384789954532,-0.000717195855674365,-0.0459457479742015,0.494769584010405,0.494769584007068,0.47923194577925,0.479231945776047,0.00508304824731853,0.0205706023057456,OK
Lambda_over_lambda,0.93,2,9.8952e-07,0.55,5.44236e-07,2.128e-06,1.064e-06,0.567629026113269,32.5227475254115,0.0220948605048846,0.931730190902445,0.95382505140733,0.04617494859267,1,1.3023535056876,1.0282412527992,0.274112252888401,16.3658568233803,12.9212606636477,3.44459615973259,-0.611451418126129,-0.791281974565038,0.347487268236371,0.937684700959563,-0.298388228410613,-0.954444584638614,0.0227777076806932,0.977222292319307,-0.000682847175808566,-0.0454921014168613,0.494715941431071,0.494715941434945,0.478931369449663,0.478931369438907,0.00513533471129202,0.0208676594427128,OK
Lambda_over_lambda,0.933,2,9.92712e-07,0.55,5.459916e-07,2.128e-06,1.064e-06,0.565580110491095,32.4053533076825,0.0213042363703041,0.933013571848861,0.954317808219165,0.0456821917808331,0.999999999999998,1.30313080135986,1.02945994803421,0.273670853325643,16.3756246088748,12.9365752396369,3.43904936923795,-0.619151198869386,-0.785271795583288,0.361806202134934,0.932253330429393,-0.293089561181667,-0.956084990535014,0.021957504732493,0.978042495267507,-0.000653268362188885,-0.0450289234186458,0.494662005489412,0.494662005487865,0.478627486615931,0.478627486607376,0.00518790955959642,0.0211679675107039,OK
Lambda_over_lambda,0.936,2,9.95904e-07,0.55,5.477472e-07,2.128e-06,1.064e-06,0.563546964711961,32.2888626354033,0.0205260505181583,0.934289011879976,0.954815062398134,0.045184937601866,1,1.30390083103545,1.03067004983528,0.273230781200173,16.3853010871624,12.9517818273502,3.43351925981225,-0.626720759119908,-0.779243922073292,0.375940216539525,0.926643919522604,-0.287797851875711,-0.957691180107516,0.0211544099462421,0.978845590053758,-0.000628359428083803,-0.0445565781737821,0.49460777682364,0.494607776820284,0.478320277062533,0.478320277052365,0.00524077220855419,0.0214715459801318,OK
Lambda_over_lambda,0.939,2,9.99096e-07,0.55,5.495028e-07,2.128e-06,1.064e-06,0.561529394103564,32.1732643546725,0.0197602229884259,0.935556343069702,0.955316566058128,0.0446834339418717,1,1.30466369362465,1.03187170010254,0.272791993522111,16.3948875011861,12.9668822099574,3.42800529122871,-0.634162002176222,-0.7732002036962,0.389889502077076,0.920861648767115,-0.282512824484446,-0.959263521667441,0.0203682391662795,0.97963176083372,-0.000608016177853658,-0.0440754177640179,0.494553256093329,0.494553256094929,0.478009720743331,0.478009720707362,0.00529392205011131,0.0217784141479622,OK
Lambda_over_lambda,0.942,2,1.002288e-06,0.55,5.512584e-07,2.128e-06,1.064e-06,0.559527207414711,32.058547507604,0.019006684702356,0.936815403427405,0.955822088129761,0.0441779118702376,0.999999999999999,1.30541948630769,1.03306503804471,0.272354448262981,16.4043850721488,12.9818781368069,3.42250693534193,-0.641476813863987,-0.76714242307078,0.403654320514003,0.914911574705653,-0.277234208387364,-0.960802369740953,0.0195988151295233,0.980401184870477,-0.000592130427167319,-0.0435857814430716,0.494498443980818,0.494498443981546,0.477695797431923,0.477695798032029,0.00534735843497176,0.0220885911435292,OK
Lambda_over_lambda,0.945,2,1.00548e-06,0.55,5.53014e-07,2.128e-06,1.064e-06,0.557540216735559,31.9447013277567,0.0182653770525261,0.938066037903006,0.956331414955532,0.043668585044469,1,1.3061683045715,1.03425020023805,0.271918104333452,16.4137949999747,12.9967713241665,3.41702367580814,-0.648667062033513,-0.76107229790133,0.417235000441792,0.908798632484852,-0.271961738362926,-0.962308065468962,0.0188459672655192,0.981154032734481,-0.000580590212993174,-0.0430879948314751,0.494443341174504,0.494443341172595,0.477378488393484,0.477378488354675,0.00540108072062024,0.0224020958618932,OK
Lambda_over_lambda,0.948,2,1.008672e-06,0.55,5.547696e-07,2.128e-06,1.064e-06,0.555568237420184,31.8317152356986,0.0175362515092003,0.939308099496231,0.956844351005431,0.0431556489945695,1,1.30691024224543,1.03542732068362,0.271482921561812,16.423118463758,13.0115634559433,3.41155500781473,-0.655734596107654,-0.754991483043042,0.430631933166502,0.902527638434016,-0.266695154597455,-0.963780936994626,0.0181095315026868,0.981890468497313,-0.000573279993486577,-0.0425823690010826,0.494387948376277,0.494387948376189,0.477057773107233,0.477057773164142,0.00545508826822327,0.0227189470739548,OK
Lambda_over_lambda,0.951,2,1.011864e-06,0.55,5.565252e-07,2.128e-06,1.064e-06,0.553611088011427,31.7195788347003,0.0168192692378284,0.940541450499658,0.957360719737487,0.0426392802625125,0.999999999999999,1.30764539153615,1.03659653086301,0.271048860673134,16.432356622202,13.0262561843836,3.40610043781841,-0.662681246677039,-0.748901572506404,0.443845568793777,0.896103292629889,-0.261434202691716,-0.96522129983903,0.0173893500804849,0.982610649919515,-0.000570080842656542,-0.0420691994198569,0.49433226630893,0.494332266308177,0.476733632716986,0.476733632673434,0.00550938038351687,0.0230391632964224,OK
Lambda_over_lambda,0.954,2,1.015056e-06,0.55,5.582808e-07,2.128e-06,1.064e-06,0.551668590167918,31.608281906554,0.0161144007256753,0.94176596390808,0.957880364633756,0.042119635366244,1,1.30837384306162,1.0377579597925,0.270615883269124,16.4415106140457,13.0408511307538,3.40065948329197,-0.669508825139925,-0.742804101402084,0.456876412501027,0.889530181444223,-0.256178633665593,-0.966629457265415,0.0166852713672927,0.983314728632707,-0.000570870641617458,-0.041548764724627,0.494276295704185,0.494276295704119,0.476406047927793,0.476406047938168,0.00556395639082222,0.0233627628597946,OK
Lambda_over_lambda,0.957,2,1.018248e-06,0.55,5.600364e-07,2.128e-06,1.064e-06,0.549740568593212,31.4978144075132,0.0154216254109781,0.942981525038156,0.958403150449134,0.0415968495508653,0.999999999999999,1.30909568588432,1.03891173407571,0.270183951808606,16.4505815584811,13.0553498860019,3.3952316724791,-0.676219123383884,-0.736700547827903,0.469725020988925,0.882812780071151,-0.250928203960789,-0.968005700632498,0.0159971496837511,0.984002850316249,-0.000575524272772998,-0.0410213252780929,0.494220037310402,0.494220037311042,0.476074999946464,0.476074999930026,0.0056188155850754,0.0236897638677744,OK
Lambda_over_lambda,0.96,2,1.02144e-06,0.55,5.61792e-07,2.128e-06,1.064e-06,0.54782685096695,31.3881664643486,0.0147409313086465,0.944188033411364,0.95892896472001,0.04107103527999,1,1.30981100754353,1.04005797795489,0.269753029588643,16.4595705555592,13.0697540114021,3.38981654415709,-0.682813913506895,-0.730592334699317,0.482391999104597,0.875955455031744,-0.245682675441839,-0.969350309737269,0.0153248451313654,0.984675154868635,-0.000583913822718827,-0.0404871214572706,0.494163491889919,0.494163491889683,0.475740470035626,0.475740469998249,0.00567395726645187,0.0240201842059738,OK
Lambda_over_lambda,0.963,2,1.024632e-06,0.55,5.635476e-07,2.128e-06,1.064e-06,0.545927267877989,31.2793283705167,0.0140723146273359,0.945385404964085,0.95945771959142,0.0405422804085787,0.999999999999999,1.31051989408693,1.04119681336068,0.269323080726253,16.4684786865871,13.0840650391801,3.38441364740707,-0.689294947575376,-0.724480831524933,0.494877996629187,0.868962466653354,-0.240441815395487,-0.970663553147702,0.0146682234261487,0.985331776573851,-0.000595908798812862,-0.0399463716097667,0.49410666021655,0.494106660217531,0.475402439716141,0.475402439681855,0.00572938067960426,0.0243540415275125,OK
Lambda_over_lambda,0.966,2,1.027824e-06,0.55,5.653032e-07,2.128e-06,1.064e-06,0.544041652759423,31.1712905824368,0.0134157793644432,0.946573574673962,0.959989354038406,0.0400106459615951,1,1.31122243010139,1.04232835996068,0.268894070140705,16.4773070145147,13.0982844731231,3.37902254139158,-0.695663957416946,-0.71836735612846,0.507183705222773,0.861837971521619,-0.235205396528603,-0.971945688525764,0.0140271557371177,0.985972844262882,-0.000611376372674525,-0.0393992695889199,0.494049543080553,0.494049543083106,0.475060890705221,0.475060890786425,0.00578508510328239,0.0246913532482169,OK
Lambda_over_lambda,0.969,2,1.031016e-06,0.55,5.670588e-07,2.128e-06,1.064e-06,0.542169841825432,31.0640437158727,0.0127713368687355,0.947752499708859,0.960523836577594,0.0394761634224053,0.999999999999999,1.31191869874295,1.04345273520657,0.268465963536377,16.4860565843117,13.1124137891725,3.37364279513915,-0.701922654445703,-0.712253176318574,0.519309855519882,0.854586024903239,-0.229973196964707,-0.973196962941126,0.0134015185294369,0.986598481470563,-0.0006301816607014,-0.0388459817617045,0.493992141286299,0.493992141287475,0.474715805162933,0.474715805152996,0.00584106978409236,0.0250321365299622,OK
Lambda_over_lambda,0.972,2,1.034208e-06,0.55,5.688144e-07,2.128e-06,1.064e-06,0.5403116740099,30.9575785424157,0.0121390053521638,0.948922163243108,0.961061168595272,0.0389388314047285,1,1.31260878176619,1.04457005438005,0.268038727386149,16.4947284233365,13.126454436001,3.36827398733554,-0.708072729518036,-0.706139511508086,0.531257214369149,0.847210583137824,-0.224745000239188,-0.974417613175936,0.0127911934120322,0.987208806587968,-0.000652188059868421,-0.0382866433448599,0.493934455649926,0.493934455647759,0.474367165215415,0.474367165149913,0.00589733394986678,0.025376408291205,OK
Lambda_over_lambda,0.975,2,1.0374e-06,0.55,5.7057e-07,2.128e-06,1.064e-06,0.538466990906738,30.8518859860654,0.011518809329041,0.95008257912771,0.961601388456751,0.0383986115432489,1,1.31329275955283,1.04568043063751,0.267612328915317,16.5033235416953,13.1404078355737,3.36291570612166,-0.714115852817017,-0.700027534283777,0.543026582210824,0.839715505997377,-0.2195205952934,-0.975607866020991,0.0121960669895047,0.987803933010495,-0.0006772576604637,-0.0377213538827852,0.493876486995254,0.493876486999213,0.474014953329236,0.474014953313892,0.00595387680094915,0.0257241851857274,OK
Lambda_over_lambda,0.978,2,1.040592e-06,0.55,5.723256e-07,2.128e-06,1.064e-06,0.536635636711854,30.7469571199049,0.0109107789490536,0.951233797668509,0.962144576617562,0.0378554233824373,1,1.31397071113957,1.04678397505357,0.267186736086001,16.5118429325929,13.1542753836953,3.35756754889766,-0.720053673763566,-0.693918371928278,0.554618790586244,0.832104559012058,-0.214299776467607,-0.976767938563676,0.0116160307181619,0.988383969281838,-0.000705251769108314,-0.0371501716133292,0.493818236175302,0.493818236175134,0.473659152346026,0.473659152330776,0.00601069757602634,0.026075483593914,OK
Lambda_over_lambda,0.981,2,1.043784e-06,0.55,5.740812e-07,2.128e-06,1.064e-06,0.534817458166721,30.6427831628676,0.010314949181708,0.952375912851816,0.962690862033524,0.0373091379664768,1,1.31464271424543,1.04788079666338,0.266761917582043,16.5202875726751,13.168058450542,3.35222912213309,-0.725887820952636,-0.687813107895331,0.56603469977346,0.824381415761157,-0.209082343492931,-0.97789803846797,0.0110509807660148,0.988949019233985,-0.000736031584306861,-0.0365731063821692,0.493759704041721,0.493759704036469,0.473299745281476,0.473299745252175,0.00606779545107644,0.0264303196227465,OK
Lambda_over_lambda,0.984,2,1.046976e-06,0.55,5.758368e-07,2.128e-06,1.064e-06,0.533012304503481,30.5393554765913,0.00973135879043042,0.953509071486474,0.963240430276905,0.0367595697230949,1,1.31530884529826,1.0489710025039,0.266337842794368,16.5286584223628,13.1817583811798,3.34690004118296,-0.731619902112837,-0.681712783239688,0.577275196543537,0.816549660128287,-0.203868101482396,-0.978998364246827,0.0105008178765863,0.989499182123414,-0.000769459086155925,-0.0359901106369395,0.493700891455295,0.493700891459928,0.472936715439159,0.472936715396752,0.00612516958878065,0.0267887090943967,OK
Lambda_over_lambda,0.987,2,1.050168e-06,0.55,5.775924e-07,2.128e-06,1.064e-06,0.531220027391541,30.4366655623593,0.00916004900652973,0.954633484919458,0.963793533925987,0.036206466074012,0.999999999999999,1.31596917946079,1.050054697654,0.265914481806782,16.5369564261784,13.1953764960691,3.34157993010929,-0.737251504087877,-0.675618398003017,0.588341192032296,0.808612788519955,-0.198656860920984,-0.980069105527269,0.00996544723636559,0.990034552763634,-0.000805398229835861,-0.0354010678441767,0.493641799311864,0.493641799314371,0.472570046409555,0.472570046367626,0.00618281918828402,0.0271506675382966,OK
Lambda_over_lambda,0.99,2,1.05336e-06,0.55,5.79348e-07,2.128e-06,1.064e-06,0.529440480885609,30.3347050581221,0.00860106177595131,0.955749444255792,0.964350506031744,0.0356494939682553,0.999999999999999,1.31662379065587,1.05113198527365,0.265491805382218,16.5451825130641,13.2089140915558,3.33626842150827,-0.742784192838451,-0.669530912556941,0.599233619722325,0.800574212046879,-0.193448437655033,-0.981110443308411,0.00944477834579445,0.990555221654206,-0.000843716569843141,-0.0348057773984133,0.493582428499537,0.493582428500438,0.472199722083306,0.472199722054,0.00624074338956102,0.0275162101836217,OK
Lambda_over_lambda,0.993,2,1.056552e-06,0.55,5.811036e-07,2.128e-06,1.064e-06,0.527673521375123,30.2334657356008,0.00805443738490987,0.956857340440264,0.964911777825174,0.0350882221748268,1,1.31727275159132,1.05220296664193,0.265069784949389,16.5533375966933,13.2223724403508,3.3309651563425,-0.748219513463109,-0.663451248904567,0.609953433530523,0.792437258667414,-0.188242652880718,-0.982122550212767,0.00893872489361635,0.991061275106384,-0.000884287508706474,-0.0342039346661196,0.493522779924508,0.49352277992661,0.471825726677828,0.471825726620615,0.00629894133313509,0.0278853519505604,OK
Lambda_over_lambda,0.996,2,1.059744e-06,0.55,5.828592e-07,2.128e-06,1.064e-06,0.525919007535026,30.1329394974659,0.00752021117587681,0.957957691209607,0.965477902385484,0.0345220976145153,0.999999999999999,1.31791613378405,1.05326774119421,0.264648392589838,16.5614225757738,13.2357527919954,3.32566978377832,-0.753558990236865,-0.65738029194158,0.620501605996448,0.784205175292684,-0.183039333131914,-0.983105590731038,0.00844720463448076,0.991552795365519,-0.000926993458603949,-0.0335951041559126,0.493462854508708,0.493462854510542,0.471448044669494,0.471448044591686,0.00635741215300193,0.0282581074451135,OK
Lambda_over_lambda,0.999,2,1.062936e-06,0.55,5.846148e-07,2.128e-06,1.064e-06,0.52417680027785,30.0331183745927,0.00699840889736019,0.95905117798368,0.96604958688104,0.03395041311896,1,1.31855400758366,1.05432640655827,0.264227601025388,16.5694383343448,13.2490563733168,3.32038196102805,-0.758804126666274,-0.651318890678164,0.630879126566983,0.775881129853073,-0.177838310267387,-0.984059721460665,0.00797013926966771,0.992029860730332,-0.000971730372307521,-0.0329786827466522,0.493402653183434,0.49340265318517,0.471066660883708,0.471066660776077,0.00641615496576775,0.0286344909485807,OK
Lambda_over_lambda,1.002,2,1.066128e-06,0.55,5.863704e-07,2.128e-06,1.064e-06,0.522446762707058,29.9339945233873,0.00648903996381104,0.960138697498427,0.966627737462238,0.0333722625377628,1,1.3191864421955,1.05537905858954,0.263807383605952,16.5773857420665,13.2622843888697,3.31510135319681,-0.763956405559821,-0.645267859422827,0.641086999973158,0.767468213325748,-0.172639421457275,-0.984985091338391,0.00750745433080475,0.992492545669195,-0.00101841436699371,-0.0323538481707685,0.493342176894672,0.493342176892748,0.470681560409526,0.470681560368729,0.00647516888027373,0.0290145164130325,OK
Lambda_over_lambda,1.005,2,1.06932e-06,0.55,5.88126e-07,2.128e-06,1.064e-06,0.520728760071611,29.8355602231838,0.0059920874201006,0.961221435978072,0.967213523398173,0.032786476601827,1,1.31981350570319,1.05642579140547,0.263387714297712,16.5852656545029,13.2754380213689,3.309827633134,-0.769017289112532,-0.639227978929281,0.651126244694841,0.758969441723179,-0.167442509169115,-0.985881841867042,0.00705907906647906,0.992940920933521,-0.00106699164637846,-0.0317194849554487,0.493281426592181,0.493281426596,0.470292728804398,0.470292728762113,0.00653445298052722,0.0293981974456258,OK
Lambda_over_lambda,1.008,2,1.072512e-06,0.55,5.898816e-07,2.128e-06,1.064e-06,0.519022659721715,29.737807873709,0.00550749254198228,0.962300978988375,0.967808471530357,0.0321915284696425,0.999999999999999,1.32043526509061,1.05746669741897,0.26296856767164,16.5930789133983,13.2885184321092,3.30456048128902,-0.773988219003733,-0.633199997507445,0.660997891509541,0.750387758042428,-0.162247421153195,-0.986750107336775,0.00662494633161231,0.993375053668388,-0.00111745378963003,-0.0310740746800131,0.493220403257252,0.493220403250145,0.469900151829836,0.469900151825741,0.00659400636815278,0.02978554731181,OK
Lambda_over_lambda,1.011,2,1.075704e-06,0.55,5.916372e-07,2.128e-06,1.064e-06,0.517328331065721,29.6407299926124,0.0050351303437344,0.963379480187021,0.968414610530755,0.0315853894692434,0.999999999999999,1.32105178626342,1.05850186737106,0.262549918892356,16.6008263469473,13.301526761376,3.29929958557129,-0.778870616507034,-0.627184632099634,0.67070298212147,0.741726034175265,-0.157054010427424,-0.98759001504099,0.00620499247950508,0.993795007520495,-0.00116986213577068,-0.0304155273334742,0.493159107848069,0.49315910785732,0.469503815714668,0.469503815659531,0.00665382808234883,0.0301765789169715,OK
Lambda_over_lambda,1.014,2,1.078896e-06,0.55,5.933928e-07,2.128e-06,1.064e-06,0.515645645528123,29.5443192130604,0.00457476889774832,0.964459932325604,0.969034701223352,0.0309652987766476,1,1.32166313406997,1.05953139036267,0.262131743707306,16.6085087700587,13.3144641288445,3.29404464121422,-0.783665882611522,-0.621182569322985,0.68024256786723,0.732987072779185,-0.151862135261705,-0.988401685487108,0.00579915725644607,0.994200842743554,-0.00122438835869775,-0.0297409104179501,0.49309754138457,0.493097541380399,0.469103706864157,0.469103706900059,0.00671391722152636,0.0305713048106676,OK
Lambda_over_lambda,1.017,2,1.082088e-06,0.55,5.951484e-07,2.128e-06,1.064e-06,0.513974476508647,29.4485682813914,0.00412599801087292,0.965546627223106,0.969672625233978,0.0303273747660214,1,1.32226937232192,1.06055535388567,0.261714018436255,16.6161269846134,13.3273316339702,3.2887953506432,-0.788375398153384,-0.615194466479091,0.689617708494741,0.72417360910935,-0.146671659161801,-0.989185232602431,0.00540738369878476,0.994592616301215,-0.00128138568791185,-0.0290459890781096,0.493035704852045,0.493035704840391,0.468699812286439,0.468699812310275,0.00677427280886558,0.0309697371620486,OK
Lambda_over_lambda,1.02,2,1.08528e-06,0.55,5.96904e-07,2.128e-06,1.064e-06,0.512314699342368,29.3534700548314,0.00368809515077281,0.966645993912637,0.97033408906341,0.02966591093659,1,1.32287056381422,1.06157384385315,0.261296719961078,16.6236817797158,13.3401303563685,3.28355142334733,-0.793000523957071,-0.609220952531847,0.698829471012037,0.71528831281172,-0.141482450852783,-0.989940763935242,0.00502961803237918,0.994970381967621,-0.00134152288160637,-0.0283243880549836,0.492973599262473,0.492973599254621,0.468292119197691,0.46829211919015,0.0068348938780055,0.0313718877679578,OK
Lambda_over_lambda,1.023,2,1.088472e-06,0.55,5.986596e-07,2.128e-06,1.064e-06,0.510666191260844,29.2590174992669,0.00325974871193756,0.967768277674832,0.971028026386769,0.0289719736132306,1,1.32346677034471,1.06258694462887,0.260879825715841,16.6311739319406,13.352861356186,3.27831257575469,-0.797542600985225,-0.60326262905448,0.707878928602791,0.70633378967749,-0.136294384261948,-0.990668380851361,0.00466580957431967,0.99533419042568,-0.00140606086238211,-0.0275659127508484,0.492911225642231,0.492911225647763,0.467880615209983,0.467880615204048,0.00689577945620023,0.0317777680383646,OK
Lambda_over_lambda,1.026,2,1.091664e-06,0.55,6.004152e-07,2.128e-06,1.064e-06,0.509028831354228,29.1652036870738,0.00283840565210402,0.968931385757221,0.971769791409325,0.0282302085906743,0.999999999999999,1.32405805273329,1.06359473905612,0.260463313677161,16.6386042055732,13.3655256744619,3.27307853111129,-0.802002950496682,-0.597320071146631,0.716767159605493,0.697312583359194,-0.131107338501416,-0.991368178726287,0.00431591063685654,0.995684089363143,-0.00147750498475252,-0.0267527036059229,0.492848585045517,0.49284858503947,0.467465288403206,0.467465288325515,0.00695692857718156,0.0321873889854085,OK
Lambda_over_lambda,1.029,2,1.094856e-06,0.55,6.021708e-07,2.128e-06,1.064e-06,0.507402500534329,29.0720217950015,0.00241837990880048,0.970171728984271,0.972590108893071,0.0274098911069284,1,1.32464447084059,1.06459730848576,0.260047162354833,16.6459733528446,13.3781243334813,3.26784901936327,-0.806382874211794,-0.591393828322486,0.725495246553409,0.68822717704869,-0.125921197850205,-0.992040247133134,0.00397987643343302,0.996020123566567,-0.00156149652463254,-0.0258483945822963,0.492785678494022,0.492785678503576,0.467046127111841,0.467046127065588,0.00701834021526524,0.0326007612248507,OK
Lambda_over_lambda,1.032,2,1.098048e-06,0.55,6.039264e-07,2.128e-06,1.064e-06,0.505787081498591,28.9794651021086,0.00198277131298279,0.97158922673816,0.973571998051143,0.0264280019488553,0.999999999999998,1.32522608358633,1.06559473280361,0.259631350782722,16.6532821141616,13.3906583371192,3.26262377704238,-0.810683654484468,-0.585484425370742,0.73406427527252,0.679079995117387,-0.120735851735936,-0.992684670026488,0.00365766498675582,0.996342335013244,-0.00167489367377302,-0.0247531082750841,0.492722507077906,0.492722507066919,0.466623120191909,0.466623120221747,0.00708001339728058,0.0330178949578381,OK
Lambda_over_lambda,1.035,2,1.10124e-06,0.55,6.05682e-07,2.128e-06,1.064e-06,0.504182458694968,28.8875269877506,0.00134264790699241,0.969305402907011,0.975385490526055,0.0246145094739461,1,1.32580294896716,1.06658709045727,0.259215858509897,16.6605312183317,13.403128671177,3.25740254715466,-0.814906554480292,-0.579592363187317,0.742475334034755,0.669873404719115,-0.11555119471614,-0.993301525922352,0.00334923703882403,0.996650762961176,-0.00200658913183162,-0.027345360054165,0.492659071823208,0.492659071842125,0.466196256965153,0.466196256948843,0.0071419470602872,0.0334387999660274,OK
Lambda_over_lambda,1.038,2,1.104432e-06,0.55,6.074376e-07,2.128e-06,1.064e-06,0.502588518287664,28.7962009296168,0.00109886152366401,0.957821189440666,0.975470705987724,0.0245292940122757,1,1.32637512407415,1.06757445848213,0.258800665592017,16.6677213827823,13.4155363037102,3.25218507907212,-0.819052818360148,-0.573718119581644,0.750729512763969,0.660609717355999,-0.110367126459144,-0.993890888074315,0.00305455596284231,0.996945444037158,-0.0019556944391783,-0.0391242545964913,0.492595373863462,0.492595373855853,0.465765527001085,0.465765526993301,0.00720414022964455,0.0338634856125163,OK
Lambda_over_lambda,1.041,2,1.107624e-06,0.55,6.091932e-07,2.128e-06,1.064e-06,0.501005148123711,28.7054805018153,0.000919557759500606,0.951813220881462,0.975561522826031,0.0244384771739684,0.999999999999999,1.32694266510988,1.06855691252694,0.258385752582939,16.6748533137762,13.4278821853489,3.24697112842732,-0.823123671468807,-0.567862150057311,0.758827902292257,0.651291190407742,-0.10518355172455,-0.994452824646101,0.00277358767694948,0.99722641232305,-0.00185402991744887,-0.0454131914415886,0.492531414246089,0.492531414239473,0.465330920421327,0.46533092040355,0.0072665918258946,0.0342919608227413,OK
Lambda_over_lambda,1.044,2,1.110816e-06,0.55,6.109488e-07,2.128e-06,1.064e-06,0.499432237700359,28.6153593730051,0.000767933169524888,0.947191489836355,0.975654759357583,0.0243452406424167,1,1.32750562740519,1.06953452687863,0.257971100526555,16.681927706621,13.4401672496102,3.2417604570108,-0.827120320527943,-0.562024888567894,0.766771593664178,0.641920028624826,-0.100000380343337,-0.994987398880603,0.00250630055969854,0.997493699440301,-0.00173836739017366,-0.0503022096039468,0.492467194077161,0.492467194089055,0.464892427738829,0.46489242770662,0.00732930080486326,0.0347242340833956,OK
Lambda_over_lambda,1.047,2,1.114008e-06,0.55,6.127044e-07,2.128e-06,1.064e-06,0.497869678133272,28.5258313045732,0.000637568115304276,0.943289491941753,0.975749156444942,0.0242508435550582,1,1.32806406543551,1.07050737448666,0.257556690948848,16.6889452458752,13.452392413204,3.2365528326712,-0.831043953833147,-0.55620674824868,0.774561677486737,0.632498385586029,-0.094817527197555,-0.995494669265557,0.00225266536722145,0.997747334632779,-0.00161509725191717,-0.0544578426910259,0.49240271448593,0.492402714496197,0.464450039872541,0.464450039908171,0.00739226612541203,0.0351603134349422,OK
Lambda_over_lambda,1.05,2,1.1172e-06,0.55,6.1446e-07,2.128e-06,1.064e-06,0.496317362125467,28.4368901488554,0.000525750376882605,0.939841485524872,0.975844002086921,0.0241559979130787,0.999999999999999,1.32861803283684,1.07147552698669,0.257142505850152,16.6959066055486,13.4645585763305,3.23134802921804,-0.834895741454434,-0.550408122125074,0.782199243322924,0.623028365120759,-0.0896349121996154,-0.995974689695962,0.00201265515201914,0.997987344847981,-0.00148690477513654,-0.0581458593231085,0.492337976580374,0.492337976593531,0.464003748335233,0.464003748319996,0.00745548670745429,0.0356002064567963,OK
Lambda_over_lambda,1.053,2,1.120392e-06,0.55,6.162156e-07,2.128e-06,1.064e-06,0.494775183937023,28.3485298474004,0.000430991730957107,0.936709746131421,0.975938831472811,0.0240611685271891,1,1.3291675824214,1.07243905472379,0.256728527697611,16.7028124492991,13.4766666229722,3.22614582632696,-0.838676835439818,-0.544629383798425,0.789685379126751,0.613512022696735,-0.0844524602711508,-0.996427509633365,0.0017862451833175,0.998213754816683,-0.0013552534523604,-0.0615040086852618,0.492272981489862,0.492272981512672,0.463553544866785,0.463553544941818,0.00751896147142223,0.0360439202749275,OK
Lambda_over_lambda,1.056,2,1.123584e-06,0.55,6.179712e-07,2.128e-06,1.064e-06,0.493243039355497,28.2607444292752,0.000352353092771847,0.933812141033594,0.976033315120865,0.0239666848791351,1,1.32971276619293,1.07339802677509,0.256314739417839,16.7096634306251,13.4887174211776,3.22094600944745,-0.842388370021616,-0.538870888109874,0.797021170717854,0.603951366773469,-0.079270101321528,-0.996853174262125,0.00157341286893747,0.998426587131063,-0.00122105977616562,-0.0646144460974686,0.492207730358786,0.492207730388994,0.463099421926317,0.463099421983523,0.00758268933319389,0.0364914615353585,OK
Lambda_over_lambda,1.059,2,1.126776e-06,0.55,6.197268e-07,2.128e-06,1.064e-06,0.491720825667054,28.1735280094103,0.000289187328702238,0.931095124904845,0.976127206370234,0.0238727936297666,1,1.33025363536164,1.07435251097188,0.255901124389755,16.716460193053,13.5007118233401,3.21574836971289,-0.846031461825033,-0.533132971783024,0.804207701293742,0.594348360122105,-0.0740877702258879,-0.997251724642758,0.0013741376786208,0.998625862321379,-0.00108495034991856,-0.0675307374165344,0.492142224338446,0.492142224370317,0.462641372270054,0.462641372302498,0.00764666919638939,0.0369428364138898,OK
Lambda_over_lambda,1.062,2,1.129968e-06,0.55,6.214824e-07,2.128e-06,1.064e-06,0.490208441628266,28.0868747869848,0.00024102070175093,0.928521556550625,0.976220313112511,0.0237796868874889,1,1.33079024035886,1.07530257392124,0.255487666437614,16.7232033703215,13.5126506664687,3.21055270385283,-0.849607210078704,-0.527415954046028,0.811246050977918,0.584704921112122,-0.0689054068027672,-0.997623197862472,0.00118840106876395,0.998811598931236,-0.000947380367013019,-0.0702900423806112,0.492076464591199,0.492076464612551,0.462179389170699,0.462179389198272,0.00771089995617244,0.03739805060075,OK
Lambda_over_lambda,1.065,2,1.13316e-06,0.55,6.23238e-07,2.128e-06,1.064e-06,0.488705787438591,28.0007790438488,0.000207490918185014,0.926064467439468,0.976312481084183,0.0236875189158158,0.999999999999999,1.33132263085136,1.07624828102717,0.255074349824189,16.7298935865618,13.5245347724544,3.20535881410746,-0.853116696826882,-0.521720137233738,0.818137296402113,0.575022924965467,-0.063722955791322,-0.997967627182975,0.00101618640851254,0.998983813591487,-0.000808695490327526,-0.0729193461520196,0.492010452271095,0.492010452297163,0.461713466372716,0.461713466471776,0.00777538048555778,0.0378571092955111,OK
Lambda_over_lambda,1.068,2,1.136352e-06,0.55,6.249936e-07,2.128e-06,1.064e-06,0.487212764713482,27.9152351429829,0.000188311703097344,0.923703574896548,0.976403583287374,0.0235964167126264,1,1.33185085575536,1.07718969651122,0.254661159244141,16.7365314564732,13.536364948329,3.20016650814422,-0.856560987142945,-0.516045807370531,0.824882510321014,0.565304204978614,-0.0585403668281011,-0.998285042185663,0.000857478907168399,0.999142521092832,-0.000669167204071056,-0.0754389461962832,0.49194418856816,0.491944188589652,0.461243598250919,0.461243598280735,0.0078401096685234,0.0383200171941532,OK
Lambda_over_lambda,1.071,2,1.139544e-06,0.55,6.267492e-07,2.128e-06,1.064e-06,0.485729276458132,27.8302375269941,0.000183251114279866,0.921423194158105,0.976493512918843,0.0235064870811575,1,1.33237496325025,1.07812688343271,0.254248079817536,16.7431175854958,13.5481419865195,3.19497559897633,-0.859941129343914,-0.510393234734469,0.831482761257883,0.55555055371313,-0.0533575944233468,-0.99857546891427,0.000712265542865146,0.999287734457135,-0.00052901442858528,-0.0778645402990293,0.491877674686019,0.491877674658313,0.46076977948671,0.460769779477574,0.00790508638427168,0.0387867784954065,OK
Lambda_over_lambda,1.074,2,1.142736e-06,0.55,6.285048e-07,2.128e-06,1.064e-06,0.484255227041819,27.7457807166457,0.000192117531128697,0.919210919844652,0.976582178427262,0.0234178215727371,0.999999999999999,1.33289500079201,1.07905990370849,0.253835097083517,16.7496525699789,13.5598666650956,3.18978590488332,-0.863258155205747,-0.504762674403299,0.837939113179564,0.545763724155284,-0.0481745979368636,-0.998838930015056,0.000580534992472099,0.999419465007528,-0.000388417461343402,-0.0802085451628757,0.491810911747427,0.491810911770663,0.460292005344817,0.460292005346096,0.00797030943453811,0.0392573968833707,OK
Lambda_over_lambda,1.077,2,1.145928e-06,0.55,6.302604e-07,2.128e-06,1.064e-06,0.482790522172849,27.6618593094214,0.000214750194350829,0.91705675692651,0.976669499920539,0.0233305000794603,1,1.33341101512632,1.07998881813219,0.253422196994133,16.7561369973462,13.5715397480128,3.18459724933342,-0.866513080179141,-0.499154366782919,0.84425262519942,0.535945430845238,-0.0429913415534102,-0.999075444874629,0.000462277562685456,0.999537722437315,-0.000247527368334628,-0.0824809655108045,0.491743901040034,0.491743901046671,0.459810271663796,0.459810271624865,0.00803577773103806,0.0397318755213155,OK
Lambda_over_lambda,1.08,2,1.14912e-06,0.55,6.32016e-07,2.128e-06,1.064e-06,0.481335068874072,27.5784679781231,0.000251012576037612,0.914952527469123,0.976755406458993,0.0232445935410053,0.999999999999998,1.33392305230145,1.08091368639315,0.2530093659083,16.7625714462572,13.5831619853495,3.17940946090771,-0.869706903605591,-0.493568538118846,0.850424351306822,0.526097350976386,-0.0378077942576008,-0.999285029755462,0.000357485122268911,0.999642514877731,-0.000106472546231299,-0.0846899874086084,0.491676643727657,0.491676643747516,0.459324574633334,0.459324574742645,0.00810149007667563,0.040210217054743,OK
Lambda_over_lambda,1.083,2,1.152312e-06,0.55,6.337716e-07,2.128e-06,1.064e-06,0.479888775458955,27.4956014694994,0.000300787579450766,0.91289145361957,0.976839833943891,0.0231601660561088,0.999999999999999,1.33443115768081,1.0818345670949,0.252596590585907,16.7689564867654,13.5947341135393,3.17422237322605,-0.872840608933511,-0.488005400991195,0.856455340121857,0.51622112546539,-0.0326239298083362,-0.999467697929183,0.00026615103540846,0.999733848964592,3.46365440423057e-05,-0.086842395345022,0.491609141055101,0.491609141068918,0.458834911284667,0.458834911341477,0.00816744532110287,0.0406924235853182,OK
Lambda_over_lambda,1.086,2,1.155504e-06,0.55,6.355272e-07,2.128e-06,1.064e-06,0.4784515515082,27.413254602906,0.000363973958658913,0.910867857188766,0.97692272341161,0.0230772765883899,1,1.33493537595527,1.08275151777322,0.25218385818205,16.7752926804728,13.6062568555982,3.16903582487463,-0.875915163934188,-0.482465154793737,0.862346634673989,0.506318359993438,-0.0274397267126972,-0.999623459807708,0.000188270096145979,0.999811729903854,0.000175703862512934,-0.0889438727150879,0.491541394240658,0.491541394251292,0.458341278893379,0.45834127888641,0.00823364227882561,0.0411784966889962,OK
Lambda_over_lambda,1.089,2,1.158696e-06,0.55,6.372828e-07,2.128e-06,1.064e-06,0.477023307846892,27.3314222689967,0.000440483571024466,0.908876938715519,0.97700401960457,0.0229959803954306,1,1.33543575115524,1.08366459491384,0.251771156241397,16.7815805806818,13.6177309213467,3.16384965933512,-0.878931520917403,-0.476947986197469,0.86809927220344,0.496390626019325,-0.0222551681993874,-0.999752323072278,0.000123838463860887,0.999876161536139,0.000316645107163579,-0.0909992228206201,0.491473404528598,0.491473404524289,0.457843675323695,0.457843675333807,0.00830007976960239,0.0416684373962817,OK
Lambda_over_lambda,1.092,2,1.161888e-06,0.55,6.390384e-07,2.128e-06,1.064e-06,0.47560395652216,27.2500994284433,0.000530239207406892,0.906914612166195,0.977083669727161,0.022916330272839,1,1.33593232666243,1.08457385396976,0.251358472692671,16.7878207325433,13.6291570076279,3.15866372491538,-0.8818906169465,-0.471454069599279,0.873714283984167,0.486439461764807,-0.0170702421915338,-0.999854292800467,7.28535997664043e-05,0.999927146400234,0.000457385607640487,-0.0930125342340381,0.491405173137963,0.491405173158629,0.457342099046857,0.457342099125136,0.00836675658280282,0.0421622461858828,OK
Lambda_over_lambda,1.095,2,1.16508e-06,0.55,6.40794e-07,2.128e-06,1.064e-06,0.474193410781337,27.169281110684,0.00063317282564508,0.904977379524852,0.977161622318566,0.0228383776814343,1,1.33642514522147,1.08547934937822,0.250945795843251,16.7940136732017,13.6405357985201,3.15347787468161,-0.884793374052795,-0.465983567556058,0.879192695167258,0.476466373172895,-0.011884941279079,-0.99992937159121,3.53142043948208e-05,0.999964685795605,0.000597858621250259,-0.0949873062707534,0.491336701354638,0.491336701374566,0.456836549129028,0.456836549211142,0.00843367153973854,0.0426599229795239,OK
Lambda_over_lambda,1.098,2,1.168272e-06,0.55,6.425496e-07,2.128e-06,1.064e-06,0.472791585050609,27.0889624127004,0.000749224063440705,0.903062234635186,0.977237826188971,0.0227621738110296,1,1.33691424895114,1.08638113457725,0.25053311437389,16.8001599319376,13.6518679655457,3.14829196639194,-0.887640699449109,-0.460536631204833,0.884535524643751,0.466472834839505,-0.00669926269051443,-0.999977559687918,1.12201560410313e-05,0.999988779843959,0.000738003907399674,-0.0969265452087728,0.491267990410795,0.491267990461022,0.456327025149609,0.456327025144927,0.00850082341271905,0.0431614671399597,OK
Lambda_over_lambda,1.101,2,1.171464e-06,0.55,6.443052e-07,2.128e-06,1.064e-06,0.471398394914137,27.0091384978213,0.000878338938628654,0.901166588969465,0.97731222937424,0.0226877706257612,1,1.33739967935552,1.08727926202198,0.250120417333534,16.8062600303066,13.6631541678752,3.14310586243137,-0.89043348574233,-0.455113400669289,0.889743784925791,0.456460290919077,-0.00151320826409022,-0.999998855099719,5.72450140326895e-07,0.99999942754986,0.000877766488488327,-0.098832838580395,0.49119904161556,0.491199041644444,0.455813527169056,0.455813527125722,0.00856821101220335,0.0436668774667697,OK
Lambda_over_lambda,1.104,2,1.174656e-06,0.55,6.460608e-07,2.128e-06,1.064e-06,0.470013757093639,26.9298045945525,0.00102046866513886,0.899288214209504,0.9773847780688,0.0226152219311994,0.999999999999999,1.33788147733481,1.08817378320056,0.249707694134251,16.8123144822756,13.6743950525275,3.13791942974804,-0.893172611144851,-0.44971400545312,0.894818482045194,0.446430156004648,0.00367321558155004,-0.99999325372089,3.37313955520597e-06,0.999996626860445,0.00101709552558366,-0.100708412650941,0.491129856207216,0.491129856237821,0.455296055823999,0.455296055914604,0.00863583309053864,0.0441761521875532,OK
Lambda_over_lambda,1.107,2,1.177848e-06,0.55,6.478164e-07,2.128e-06,1.064e-06,0.46863758942842,26.8509559954332,0.00117556852481699,0.89742519803876,0.977455415497545,0.0225445845024541,1,1.33835968319596,1.0890647486497,0.249294934546258,16.8183237943568,13.6855912545661,3.13273253979069,-0.895858939684759,-0.444338564820678,0.899760615468451,0.436383815982943,0.00885999787735315,-0.999960749448504,1.96252757481238e-05,0.999980374724252,0.00115594324906886,-0.102555176685492,0.491060435477482,0.491060435514961,0.454774612557029,0.454774612615602,0.00870368842166672,0.0446892889440485,OK
Lambda_over_lambda,1.11,2,1.18104e-06,0.55,6.49572e-07,2.128e-06,1.064e-06,0.467269810855845,26.7725880559162,0.0013435967425285,0.895575910612093,0.977524080686417,0.0224759193135819,0.999999999999999,1.33883433666308,1.08995220797004,0.248882128693041,16.824288465738,13.6967433972906,3.12754506844738,-0.898493321414685,-0.438987188165221,0.904571178027302,0.426322628864923,0.0140471231344219,-0.999901334298363,4.93328508185725e-05,0.999950667149181,0.00129426389170993,-0.104374756537088,0.490990780735125,0.490990780746675,0.454249199136678,0.454249199165882,0.00877177578008076,0.0452062848058636,OK
Lambda_over_lambda,1.113,2,1.184232e-06,0.55,6.513276e-07,2.128e-06,1.064e-06,0.465910341392228,26.694696193274,0.00152451331332494,0.893738979948908,0.977590707086694,0.0224092929133065,1,1.33930547688763,1.09083620984106,0.248469267046571,16.830208988411,13.7078520924256,3.12235689598539,-0.901076592619167,-0.433659975365298,0.909251155863989,0.416247925592428,0.019234571375225,-0.999814998519232,9.25007403841277e-05,0.999907499259616,0.00143201257294081,-0.106168519310707,0.490920893264525,0.490920893242437,0.453719818053821,0.453719817949413,0.00884009391171455,0.0457271362508012,OK
Lambda_over_lambda,1.116,2,1.187424e-06,0.55,6.530832e-07,2.128e-06,1.064e-06,0.464559102114141,26.6172758855273,0.00171827872985859,0.891913275087853,0.977655221001332,0.0223447789986676,1,1.33977314245841,1.0917168020358,0.248056340422605,16.836085847297,13.7189179403049,3.1171679069921,-0.903609576020491,-0.428357017129483,0.913801528390411,0.406161010821261,0.0244223181654254,-0.999701730705427,0.000149134647286338,0.999850865352714,0.00156914408257225,-0.107937590264861,0.490850774338319,0.490850774336304,0.453186472187095,0.453186472141473,0.00890864154570482,0.0462518391728928,OK
Lambda_over_lambda,1.119,2,1.190616e-06,0.55,6.548388e-07,2.128e-06,1.064e-06,0.463216015140125,26.5403226703972,0.00192485255278835,0.890097896318608,0.977717539751057,0.0222824602489442,1,1.34023737141132,1.09259403143525,0.247643339976072,16.8419195203692,13.7299415300521,3.11197799031707,-0.906093080982866,-0.423078395329964,0.918223268260342,0.39606316368137,0.0296103346463462,-0.999561517907793,0.000219241046103449,0.999780758953897,0.0017056115066849,-0.109682862635289,0.490780425302552,0.490780425303468,0.452649165257524,0.452649165262388,0.00897741744501432,0.0467803888611224,OK
Lambda_over_lambda,1.122,2,1.193808e-06,0.55,6.565944e-07,2.128e-06,1.064e-06,0.461881003612794,26.4638321442798,0.00214419175839655,0.888292172219004,0.977777569503199,0.0222224304968022,1,1.34069820123899,1.09346794404245,0.247230257196538,16.8477104787738,13.7409234397588,3.10678703901504,-0.908527903714892,-0.417824183325263,0.922517341354011,0.38595563851449,0.0347985875681203,-0.999394345743092,0.000302827128453763,0.999697172871546,0.00184136462994278,-0.111405000652542,0.490709847476626,0.49070984745775,0.452107901511523,0.452107901504858,0.00904642034578558,0.047312780006927,OK
Lambda_over_lambda,1.125,2,1.197e-06,0.55,6.5835e-07,2.128e-06,1.064e-06,0.460553991681322,26.387799961243,0.00237624878513246,0.886495663614518,0.97783520266631,0.0221647973336913,1,1.34115566890011,1.09433858499636,0.246817083903754,16.8534591869476,13.7518642366577,3.10159495028996,-0.910914827470233,-0.412594446272457,0.926684706774283,0.375839665589812,0.0399870393234762,-0.999200198501853,0.000399900749073417,0.999600099250927,0.00197634803605904,-0.113104435636408,0.490639042141334,0.490639042165452,0.451562685755291,0.45156268570642,0.00911564894970065,0.0478490066998121,OK
Lambda_over_lambda,1.128,2,1.200192e-06,0.55,6.601056e-07,2.128e-06,1.064e-06,0.459234904484302,26.312221832044,0.00262096918265136,0.884708174979725,0.977890314725834,0.0221096852741668,1,1.34160981082869,1.09520599858542,0.246403812243271,16.8591661027336,13.7627644772937,3.09640162543992,-0.913254622746423,-0.407389241429235,0.930726316853771,0.36571645179813,0.0451756479822217,-0.99897905925469,0.000510470372654762,0.999489529627345,0.0021104988099966,-0.11478135464762,0.490568010679034,0.490568010702782,0.451013523373653,0.451013523340057,0.00918510201075812,0.0483890624220962,OK
Lambda_over_lambda,1.131,2,1.203384e-06,0.55,6.618612e-07,2.128e-06,1.064e-06,0.457923668132966,26.2370935231683,0.00287828874263537,0.882929774254264,0.977942760358661,0.0220572396413395,1,1.34206066294301,1.09607022826088,0.245990434682127,16.8648316774944,13.7736247076915,3.09120696980292,-0.915548047481755,-0.402208618446131,0.934643117172217,0.355587181324921,0.0503643673264512,-0.998730909957135,0.000634545021432651,0.999365454978567,0.00224374372120272,-0.116435680724304,0.490496754393751,0.490496754437279,0.450460420431604,0.450460420419565,0.00925477822502017,0.0489329400420477,OK
Lambda_over_lambda,1.134,2,1.206576e-06,0.55,6.636168e-07,2.128e-06,1.064e-06,0.456620209694765,26.1624108558887,0.00314812995809834,0.881160822595602,0.977992368612682,0.0220076313873175,1,1.3425082606545,1.0969313166499,0.245576944004606,16.8704563562232,13.7844454635196,3.08601089270361,-0.917795847250205,-0.397052619649183,0.938436046583489,0.34545301630287,0.0555531468863658,-0.998455731552993,0.000772134223503638,0.999227865776496,0.0023759957345947,-0.118067043180895,0.490425274675559,0.490425274661986,0.449903383602304,0.449903383578991,0.00932467633038979,0.0494806318132559,OK
Lambda_over_lambda,1.137,2,1.209768e-06,0.55,6.653724e-07,2.128e-06,1.064e-06,0.455324457177289,26.0881697053439,0.00343039761407273,0.879402016292961,0.978038936866083,0.0219610631339171,1,1.34295263887638,1.09778930556832,0.245163333308059,16.8760405776523,13.7952272702515,3.08081330740074,-0.919998755454324,-0.3919212803134,0.942106037251635,0.335315097444211,0.0607419319769249,-0.998153504076257,0.000923247961871442,0.999076752038129,0.00250714965220129,-0.119674735745168,0.490353572814692,0.490353572781685,0.449342420123826,0.44934242012298,0.00939479499629613,0.0500321293729736,OK
Lambda_over_lambda,1.14,2,1.21296e-06,0.55,6.67128e-07,2.128e-06,1.064e-06,0.454036339512524,26.0143659996366,0.00372497325329769,0.877654444003693,0.978082223181098,0.0219177768189023,1,1.34339383203214,1.09864423603335,0.244749595998784,16.88158477436,13.8059706433246,3.07561413103539,-0.922157493516067,-0.386814628927299,0.945654014695336,0.325174544653472,0.0659306637351126,-0.997824206751594,0.00108789662420308,0.998912103375797,0.00263707662909462,-0.121257659372104,0.490281650159116,0.490281650154949,0.448777537912368,0.448777537919307,0.00946513291737919,0.050587423735441,OK
Lambda_over_lambda,1.143,2,1.216152e-06,0.55,6.688836e-07,2.128e-06,1.064e-06,0.452755786541439,25.9409957189504,0.00403170818202764,0.87591966375707,0.978121936525988,0.0218780634740136,1,1.34383187406385,1.09949614827588,0.244335725787967,16.8870893728752,13.8166760882951,3.07041328458003,-0.924272771065527,-0.38173268744876,0.949080897840296,0.315032457620889,0.0711192791580157,-0.997467818093418,0.00126609095329095,0.998733909046709,0.00276561722873669,-0.122814245289639,0.490209508094362,0.490209508113665,0.448208745485675,0.448208745482281,0.00953568880123974,0.0511465052914935,OK
Lambda_over_lambda,1.146,2,1.219344e-06,0.55,6.706392e-07,2.128e-06,1.064e-06,0.451482728998886,25.8680548946849,0.00435041457428695,0.874199805975409,0.978157724136967,0.0218422758630331,1,1.34426679844033,1.10034508175264,0.243921716687685,16.8925547937792,13.8273441009911,3.06521069278816,-0.926345286127516,-0.376675471552543,0.952387599078954,0.304889916397093,0.0763077111415993,-0.997084316003582,0.00145784199820918,0.998542158001791,0.00289257257607777,-0.124342352026381,0.490137148002604,0.490137148003969,0.447636051939578,0.447636052000654,0.00960646134407106,0.0517093638077135,OK
Lambda_over_lambda,1.149,2,1.222536e-06,0.55,6.723948e-07,2.128e-06,1.064e-06,0.450217098498826,25.7955396086084,0.00468085408812683,0.872497711347294,0.978189154998816,0.0218108450011836,0.999999999999999,1.34469863816511,1.10119107515817,0.243507563006947,16.8979814518069,13.8379751676622,3.06000628414471,-0.928375725305992,-0.371642990869695,0.955575024337053,0.294747981949395,0.0814958885202571,-0.996673677867683,0.00166316106615853,0.998336838933841,0.0030176930219683,-0.125839127586547,0.490064571205878,0.490064571242851,0.447059467152313,0.447059467139259,0.00967744920012893,0.0522759884160517,OK
Lambda_over_lambda,1.152,2,1.225728e-06,0.55,6.741504e-07,2.128e-06,1.064e-06,0.448958827519838,25.7234459920286,0.00502272321229851,0.870817116159365,0.978215697991496,0.0217843020085032,0.999999999999999,1.3451274257843,1.10203416643649,0.243093259347805,16.9033697559444,13.8485697651273,3.05479999081705,-0.930364763966297,-0.36663524921908,0.958644073146575,0.284607696700114,0.0866837361070956,-0.996235880650017,0.00188205967499137,0.998117940325009,0.00314066353730714,-0.127300824165643,0.489991779130674,0.489991779153025,0.446479001402872,0.446479001424586,0.00974865107383382,0.0528463676262489,OK
Lambda_over_lambda,1.155,2,1.22892e-06,0.55,6.75906e-07,2.128e-06,1.064e-06,0.447707849390946,25.6517702249799,0.00537563429504135,0.869162903295645,0.978236692604165,0.0217633073958357,1,1.34555319339421,1.1028743927927,0.242678800601502,16.9087201095261,13.8591283609194,3.04959174860664,-0.932313066415169,-0.361652244831335,0.96159563872455,0.274470085047394,0.0918711747349863,-0.995770900987177,0.00211454950641166,0.997885450493588,0.00326108478862969,-0.128722547197944,0.48991877312021,0.489918773150636,0.445894665804282,0.445894665816028,0.00982006561524651,0.0534204893080437,OK
Lambda_over_lambda,1.158,2,1.232112e-06,0.55,6.776616e-07,2.128e-06,1.064e-06,0.446464098277716,25.5805085354271,0.00573909084678247,0.867541445588214,0.978251309133742,0.0217486908662573,0.999999999999999,1.34597597264892,1.10371179070426,0.242264181944665,16.9140329103289,13.8696514134277,3.0443814969012,-0.934221286078533,-0.356693970565487,0.964430608057322,0.264336153868864,0.0970581212984305,-0.995278715280307,0.00236064235984631,0.997639357640154,0.00337844848693616,-0.13009791205194,0.489845554578813,0.489845554600419,0.445306472023894,0.445306471988581,0.00989169150099959,0.0539983407001378,OK
Lambda_over_lambda,1.161,2,1.235304e-06,0.55,6.794172e-07,2.128e-06,1.064e-06,0.44522750916865,25.5096571984858,0.00611245522328292,0.865961081275817,0.978258493755679,0.0217415062443214,1,1.34639579476767,1.10454639593212,0.24184939883555,16.9193085506652,13.8801393720377,3.03916917862749,-0.93609006567704,-0.351760414118408,0.967149861989818,0.254206893008581,0.102244488796141,-0.994759299786042,0.00262035010697917,0.997379649893021,0.00349210511630374,-0.131418568617204,0.48977212486219,0.489772124925211,0.444714432301184,0.444714432318236,0.00996352737306961,0.054579908408165,OK
Lambda_over_lambda,1.164,2,1.238496e-06,0.55,6.811728e-07,2.128e-06,1.064e-06,0.443998017861846,25.4392125356579,0.00649490616023314,0.864432781911486,0.97825689142712,0.0217431085728806,1,1.34681269054204,1.10537824353172,0.241434447010324,16.9245474174735,13.8905926772689,3.03395474020459,-0.937920037399352,-0.346851558227433,0.969754275319418,0.244083275747666,0.107430186374447,-0.994212630706104,0.0028936846469481,0.997106315353052,0.00360122151328504,-0.132673533441566,0.48969848543384,0.489698485449038,0.444118559655664,0.44411855967736,0.0100355719249698,0.0551651783959678,OK
Lambda_over_lambda,1.167,2,1.241688e-06,0.55,6.829284e-07,2.128e-06,1.064e-06,0.442775560951927,25.3691709140829,0.00688538282892934,0.862971106219529,0.978244735638136,0.0217552643618641,1,1.3472266903431,1.10620736786371,0.241019322479385,16.9297498924079,13.9010117609102,3.0287381314977,-0.93971182307317,-0.341967380866216,0.972244716894046,0.23396625925893,0.112615119371454,-0.993638684275604,0.00318065786219805,0.996819342137802,0.00370472496673129,-0.133848235918273,0.489624637610519,0.489624637652499,0.443518867694655,0.443518867628257,0.010107823763692,0.055754135991961,OK
Lambda_over_lambda,1.17,2,1.24488e-06,0.55,6.84684e-07,2.128e-06,1.064e-06,0.441560075817238,25.2995287458044,0.00728251118096477,0.861595588145399,0.978219687450731,0.0217803125492688,1,1.34763782412833,1.10703380260461,0.240604021523724,16.9349163519252,13.9113970461529,3.02351930577237,-0.941466034333963,-0.337107855434252,0.974622049714078,0.223856785045998,0.117799189362041,-0.993037436850014,0.00348128157499291,0.996518718425007,0.00380122960597186,-0.134923130279608,0.48955058286467,0.489550582867851,0.442915370531291,0.442915370506344,0.0101802815734563,0.0563467658916689,OK
Lambda_over_lambda,1.173,2,1.248072e-06,0.55,6.864396e-07,2.128e-06,1.064e-06,0.440351500607292,25.2302824870504,0.00768450762908336,0.860332800199361,0.978178594986399,0.0218214050136016,1,1.34804612144849,1.10785758075717,0.240188540691322,16.9400471673711,13.9217489477219,3.01829821964924,-0.943183272791461,-0.33227295094002,0.97688713103773,0.213755779367187,0.122982294203604,-0.992408864990845,0.00379556750457725,0.996204432495423,0.00388894012450611,-0.135871632296061,0.489476322546025,0.489476322559855,0.442308083154721,0.442308083052315,0.0102529439657427,0.0569430521439566,OK
Lambda_over_lambda,1.176,2,1.251264e-06,0.55,6.881952e-07,2.128e-06,1.064e-06,0.43914977423047,25.1614286375289,0.00808905548485932,0.85921949544714,0.978117124560684,0.0218828754393159,1,1.34845161145424,1.10867873466066,0.239772876793575,16.9451427050638,13.9320678720046,3.01307483305914,-0.944864130193832,-0.327462632178166,0.979040812489563,0.203664153644611,0.128164328082605,-0.991752945550017,0.00412352722499163,0.995876472775008,0.0039655282598677,-0.136656977327868,0.489401858098162,0.489401858106309,0.441697020884559,0.44169702095663,0.010325809596268,0.0575429781703734,OK
Lambda_over_lambda,1.179,2,1.254456e-06,0.55,6.899508e-07,2.128e-06,1.064e-06,0.437954836341957,25.0929637397368,0.00849315372371113,0.858307524382781,0.978029178082112,0.0219708219178878,1,1.34885432290277,1.10949729600101,0.239357026901761,16.9502033263767,13.942354217178,3.00784910919867,-0.946509188589623,-0.322676859900758,0.981083940171799,0.193582804858744,0.133345181561946,-0.99106965575292,0.00446517212353995,0.99553482787646,0.00402798160017117,-0.137227303493679,0.489327190917217,0.489327190941369,0.441082200109483,0.441082200122118,0.0103988770888913,0.0581465267400297,OK
Lambda_over_lambda,1.182,2,1.257648e-06,0.55,6.917064e-07,2.128e-06,1.064e-06,0.436766627331929,25.0248843782828,0.00889295328382274,0.857671770634612,0.977905941673343,0.0220940583266565,1,1.3492542841642,1.11031329582067,0.23894098834353,16.9552293878193,13.9526083733332,3.00262101448607,-0.948119020487397,-0.317915590982918,0.98301735477809,0.183512615928953,0.138524741629102,-0.990358973280189,0.00482051335990542,0.995179486640095,0.00407243992391733,-0.137507716005482,0.489252322441189,0.489252322464622,0.440463637482222,0.440463637467571,0.0104721450834347,0.058753679997468,OK
Lambda_over_lambda,1.185,2,1.26084e-06,0.55,6.93462e-07,2.128e-06,1.064e-06,0.435585088313956,24.9571871792229,0.00928364568367364,0.857423413200796,0.977734272111564,0.0222657278884369,1,1.34965152322793,1.11112676452851,0.238524758699423,16.9602212411166,13.962830722599,2.99739051851754,-0.949694189013126,-0.313178778582939,0.984841891709488,0.1734544560802,0.14370289174509,-0.989620876348159,0.00518956182592033,0.99481043817408,0.00409408385775331,-0.137387024973283,0.489177254072303,0.489177254118265,0.439841350417185,0.439841350429395,0.0105456121959086,0.0593644194463917,OK
Lambda_over_lambda,1.188,2,1.264032e-06,0.55,6.952176e-07,2.128e-06,1.064e-06,0.434410161113645,24.88986880941,0.00965962021600758,0.85773297015547,0.977493840132757,0.0225061598672409,0.999999999999998,1.35004606770878,1.11193773190936,0.238108335799425,16.9651792332868,13.9730216392629,2.99215759402386,-0.951235248065315,-0.308466372297077,0.98655838119228,0.163409181196367,0.148879511894183,-0.988855343788033,0.00557232810598327,0.994427671894017,0.00408729211002431,-0.136694701738547,0.489101987260857,0.489101987304326,0.439215357076823,0.439215356973525,0.0106192770607684,0.0599787259515974,OK
Lambda_over_lambda,1.191,2,1.267224e-06,0.55,6.969732e-07,2.128e-06,1.064e-06,0.4332417882575,24.8229259758552,0.0100155767602204,0.85887206591286,0.977151823839037,0.0228481761609645,1,1.35043794485313,1.11274622713359,0.237691717719535,16.9701037067179,13.9831814898906,2.98692221682732,-0.95274274246788,-0.303778318309229,0.988167648397446,0.153377634160465,0.154054478634485,-0.988062355123733,0.00596882243813372,0.994031177561866,0.00404675432208666,-0.135159111649007,0.489026523416009,0.489026523472176,0.438585675800881,0.43858567616398,0.0106931382870393,0.0605965797580949,OK
Lambda_over_lambda,1.194,2,1.270416e-06,0.55,6.987288e-07,2.128e-06,1.064e-06,0.432079912961989,24.756355425102,0.0103508199343643,0.861292394461746,0.976652529060942,0.0233474709390585,1,1.35082718154481,1.11355227876645,0.237274902778365,16.9749949992424,13.9933106334434,2.98168436579897,-0.95421720812079,-0.299114559535582,0.989670513561445,0.143360645182095,0.159227665149231,-0.987241890648449,0.00637905467577543,0.993620945324225,0.00397176525858888,-0.132328550862478,0.488950864007612,0.488950864017636,0.437952326549526,0.437952326716728,0.0107671945082018,0.0612179604480681,OK
Lambda_over_lambda,1.197,2,1.273608e-06,0.55,7.004844e-07,2.128e-06,1.064e-06,0.430924479122841,24.6901539426121,0.0106843816286989,0.865779507761477,0.975896088769274,0.0241039112307271,1,1.35121380431104,1.11435591477728,0.236857889533763,16.9798534442107,14.0034094213945,2.97644402281621,-0.955659172148474,-0.294475035764482,0.991067792108098,0.13335903211249,0.164398941298915,-0.986393931499883,0.00680303425005849,0.993196965749942,0.00388134737864043,-0.127417457988464,0.488875010416356,0.488875010431519,0.43731532890194,0.437315328997987,0.0108414443085265,0.0618428470042912,OK
Lambda_over_lambda,1.2,2,1.2768e-06,0.55,7.0224e-07,2.128e-06,1.064e-06,0.429775431304528,24.6243183521641,0.0111095529373179,0.873742940099494,0.974694071878554,0.0253059281214452,1,1.35159783932809,1.11515716254863,0.236440676779455,16.9846793705638,14.0134781978433,2.97120117272054,-0.957069153046019,-0.289859683791617,0.992360294771318,0.123373600747413,0.169568173674205,-0.985518459734162,0.00724077013291913,0.992759229867081,0.00386878280439878,-0.119016289767587,0.488798964094411,0.488798964139462,0.436674703613342,0.436674703463534,0.0109158863035465,0.0624712177643919,OK
